year,scenario,weight,fuel_cost,grid_import_cost,grid_export_revenue,res_subsidy_revenue,annual_variable_cost,fixed_om_res,fixed_om_res_inverter,fixed_om_battery,fixed_om_battery_inverter,fixed_om_generator,fixed_om_total,lost_load_penalty,scope1_emissions,scope2_emissions,scope3_res_emissions,scope3_battery_emissions,scope3_generator_emissions,scope3_emissions,total_emissions,scope1_emissions_cost,scope2_emissions_cost,scope3_res_emissions_cost,scope3_battery_emissions_cost,scope3_generator_emissions_cost,emissions_cost,total_operating_cost
2026,on_grid_5,0.5,11064.215600690857,0.0,0.0,0.0,11064.215600690857,6490.424307796271,450.72391026362993,4952.494545881048,211.96092632174023,631.5516396416565,12737.155329904346,0.0,22894.415358352875,0.0,150241.30342120997,82541.57576468414,0.0,232782.8791858941,255677.29454424698,2289.4415358352876,0.0,15024.130342120998,8254.157576468415,0.0,25567.729454424698,49369.100385019905
2026,on_grid_7,0.5,11064.215600690857,0.0,0.0,0.0,11064.215600690857,6490.424307796271,450.72391026362993,4952.494545881048,211.96092632174023,631.5516396416565,12737.155329904346,0.0,22894.415358352875,0.0,150241.30342120997,82541.57576468414,0.0,232782.8791858941,255677.29454424698,2289.4415358352876,0.0,15024.130342120998,8254.157576468415,0.0,25567.729454424698,49369.100385019905
2027,on_grid_5,0.5,13873.926759628808,0.0,0.0,0.0,13873.926759628808,6490.424307796271,450.72391026362993,4952.494545881048,211.96092632174023,631.5516396416565,12737.155329904346,0.0,28708.356141078253,0.0,0.0,0.0,0.0,0.0,28708.356141078253,2870.8356141078257,0.0,0.0,0.0,0.0,2870.8356141078257,29481.91770364098
2027,on_grid_7,0.5,13873.926759628803,0.0,0.0,0.0,13873.926759628803,6490.424307796271,450.72391026362993,4952.494545881048,211.96092632174023,631.5516396416565,12737.155329904346,0.0,28708.356141078275,0.0,0.0,0.0,0.0,0.0,28708.356141078275,2870.8356141078275,0.0,0.0,0.0,0.0,2870.8356141078275,29481.917703640975
2028,on_grid_5,0.5,19429.383927754698,0.0,0.0,0.0,19429.383927754698,6490.424307796271,450.72391026362993,4952.494545881048,211.96092632174023,631.5516396416565,12737.155329904346,0.0,40203.879050508,0.0,0.0,0.0,0.0,0.0,40203.879050508,4020.3879050508003,0.0,0.0,0.0,0.0,4020.3879050508003,36186.92716270984
2028,on_grid_7,0.5,19429.3839277547,0.0,0.0,0.0,19429.3839277547,6490.424307796271,450.72391026362993,4952.494545881048,211.96092632174023,631.5516396416565,12737.155329904346,0.0,40203.879050508,0.0,0.0,0.0,0.0,0.0,40203.879050508,4020.3879050508003,0.0,0.0,0.0,0.0,4020.3879050508003,36186.92716270985
2029,on_grid_5,0.5,25701.466654756292,0.0,0.0,0.0,25701.466654756292,6490.424307796271,450.72391026362993,4952.494545881048,211.96092632174023,631.5516396416565,12737.155329904346,0.0,53182.26561638123,0.0,0.0,0.0,0.0,0.0,53182.26561638123,5318.226561638123,0.0,0.0,0.0,0.0,5318.226561638123,43756.84854629876
2029,on_grid_7,0.5,25701.466654756292,0.0,0.0,0.0,25701.466654756292,6490.424307796271,450.72391026362993,4952.494545881048,211.96092632174023,631.5516396416565,12737.155329904346,0.0,53182.26561638123,0.0,0.0,0.0,0.0,0.0,53182.26561638123,5318.226561638123,0.0,0.0,0.0,0.0,5318.226561638123,43756.84854629876
2030,on_grid_5,0.5,0.0,13522.589154399098,0.0,0.0,13522.589154399098,6490.424307796271,450.72391026362993,4952.494545881048,211.96092632174023,631.5516396416565,12737.155329904346,0.0,0.0,29975.07262558462,0.0,0.0,0.0,0.0,29975.07262558462,0.0,2997.507262558462,0.0,0.0,0.0,2997.507262558462,29257.251746861904
2030,on_grid_7,0.5,32421.159826308638,0.0,0.0,0.0,32421.159826308638,6490.424307796271,450.72391026362993,4952.494545881048,211.96092632174023,631.5516396416565,12737.155329904346,0.0,67086.86148674866,0.0,0.0,0.0,0.0,0.0,67086.86148674866,6708.686148674867,0.0,0.0,0.0,0.0,6708.686148674867,51867.00130488785
2031,on_grid_5,0.5,0.0,16478.274802668733,0.0,0.0,16478.274802668733,6490.424307796271,450.72391026362993,4952.494545881048,211.96092632174023,684.8936607207465,12790.497350983436,0.0,0.0,36526.842479249586,0.0,0.0,0.0,0.0,36526.842479249586,0.0,3652.684247924959,0.0,0.0,0.0,3652.684247924959,32921.456401577125
2031,on_grid_7,0.5,39517.28573394312,0.0,0.0,0.0,39517.28573394312,6490.424307796271,450.72391026362993,4952.494545881048,211.96092632174023,684.8936607207465,12790.497350983436,0.0,81770.38355716525,0.0,0.0,0.0,0.0,0.0,81770.38355716525,8177.038355716525,0.0,0.0,0.0,0.0,8177.038355716525,60484.821440643085
2032,on_grid_5,0.5,0.0,19628.80396876457,0.0,0.0,19628.80396876457,6490.424307796271,450.72391026362993,4952.494545881048,211.96092632174023,684.8936607207465,12790.497350983436,0.0,0.0,43510.51546409572,0.0,0.0,0.0,0.0,43510.51546409572,0.0,4351.051546409572,0.0,0.0,0.0,4351.051546409572,36770.35286615758
2032,on_grid_7,0.5,0.0,19628.80396876457,0.0,0.0,19628.80396876457,6490.424307796271,450.72391026362993,4952.494545881048,211.96092632174023,684.8936607207465,12790.497350983436,0.0,0.0,43510.515464095784,0.0,0.0,0.0,0.0,43510.515464095784,0.0,4351.051546409579,0.0,0.0,0.0,4351.051546409579,36770.352866157584
2033,on_grid_5,0.5,0.0,22973.713122006804,0.0,0.0,22973.713122006804,6490.424307796271,450.72391026362993,4952.494545881048,211.96092632174023,684.8936607207465,12790.497350983436,0.0,0.0,50925.064087114035,0.0,0.0,0.0,0.0,50925.064087114035,0.0,5092.506408711404,0.0,0.0,0.0,5092.506408711404,40856.71688170165
2033,on_grid_7,0.5,0.0,22973.713122006786,0.0,0.0,22973.713122006786,6490.424307796271,450.72391026362993,4952.494545881048,211.96092632174023,684.8936607207465,12790.497350983436,0.0,0.0,50925.06408711397,0.0,0.0,0.0,0.0,50925.06408711397,0.0,5092.506408711397,0.0,0.0,0.0,5092.506408711397,40856.71688170162
2034,on_grid_5,0.5,6.089805004389352,26516.715115035015,0.0,0.0,26522.804920039405,6490.424307796271,450.72391026362993,4952.494545881048,211.96092632174023,684.8936607207465,12790.497350983436,0.0,12.60121189369797,58778.71850499441,0.0,0.0,0.0,0.0,58791.31971688811,1.260121189369797,5877.871850499441,0.0,0.0,0.0,5879.131971688811,45192.43424271165
2034,on_grid_7,0.5,0.0,26519.26514075159,0.0,0.0,26519.26514075159,6490.424307796271,450.72391026362993,4952.494545881048,211.96092632174023,684.8936607207465,12790.497350983436,0.0,0.0,58784.37106199945,0.0,0.0,0.0,0.0,58784.37106199945,0.0,5878.437106199945,0.0,0.0,0.0,5878.437106199945,45188.199597934974
2035,on_grid_5,0.5,20.139232597197193,30266.53135800327,0.0,0.0,30286.670590600468,6490.424307796271,450.72391026362993,4952.494545881048,211.96092632174023,684.8936607207465,12790.497350983436,0.0,41.67271975881573,67090.81117690612,0.0,0.0,0.0,0.0,67132.48389666494,4.167271975881573,6709.081117690613,0.0,0.0,0.0,6713.248389666494,49790.416331250395
2035,on_grid_7,0.5,0.0,30274.9643966634,0.0,0.0,30274.9643966634,6490.424307796271,450.72391026362993,4952.494545881048,211.96092632174023,684.8936607207465,12790.497350983436,0.0,0.0,67109.50441260276,0.0,0.0,0.0,0.0,67109.50441260276,0.0,6710.950441260276,0.0,0.0,0.0,6710.950441260276,49776.41218890711
2026,Expected,1.0,11064.215600690857,0.0,0.0,0.0,11064.215600690857,6490.424307796271,450.72391026362993,4952.494545881048,211.96092632174023,631.5516396416565,12737.155329904346,0.0,22894.415358352875,0.0,150241.30342120997,82541.57576468414,0.0,232782.8791858941,255677.29454424698,2289.4415358352876,0.0,15024.130342120998,8254.157576468415,0.0,25567.729454424698,49369.100385019905
2027,Expected,1.0,13873.926759628805,0.0,0.0,0.0,13873.926759628805,6490.424307796271,450.72391026362993,4952.494545881048,211.96092632174023,631.5516396416565,12737.155329904346,0.0,28708.356141078264,0.0,0.0,0.0,0.0,0.0,28708.356141078264,2870.8356141078266,0.0,0.0,0.0,0.0,2870.8356141078266,29481.917703640975
2028,Expected,1.0,19429.3839277547,0.0,0.0,0.0,19429.3839277547,6490.424307796271,450.72391026362993,4952.494545881048,211.96092632174023,631.5516396416565,12737.155329904346,0.0,40203.879050508,0.0,0.0,0.0,0.0,0.0,40203.879050508,4020.3879050508003,0.0,0.0,0.0,0.0,4020.3879050508003,36186.92716270985
2029,Expected,1.0,25701.466654756292,0.0,0.0,0.0,25701.466654756292,6490.424307796271,450.72391026362993,4952.494545881048,211.96092632174023,631.5516396416565,12737.155329904346,0.0,53182.26561638123,0.0,0.0,0.0,0.0,0.0,53182.26561638123,5318.226561638123,0.0,0.0,0.0,0.0,5318.226561638123,43756.84854629876
2030,Expected,1.0,16210.579913154319,6761.294577199549,0.0,0.0,22971.874490353868,6490.424307796271,450.72391026362993,4952.494545881048,211.96092632174023,631.5516396416565,12737.155329904346,0.0,33543.43074337433,14987.53631279231,0.0,0.0,0.0,0.0,48530.96705616664,3354.3430743374333,1498.753631279231,0.0,0.0,0.0,4853.096705616665,40562.126525874875
2031,Expected,1.0,19758.64286697156,8239.137401334367,0.0,0.0,27997.780268305927,6490.424307796271,450.72391026362993,4952.494545881048,211.96092632174023,684.8936607207465,12790.497350983436,0.0,40885.19177858262,18263.421239624793,0.0,0.0,0.0,0.0,59148.61301820741,4088.5191778582625,1826.3421239624795,0.0,0.0,0.0,5914.861301820742,46703.138921110105
2032,Expected,1.0,0.0,19628.80396876457,0.0,0.0,19628.80396876457,6490.424307796271,450.72391026362993,4952.494545881048,211.96092632174023,684.8936607207465,12790.497350983436,0.0,0.0,43510.51546409575,0.0,0.0,0.0,0.0,43510.51546409575,0.0,4351.051546409575,0.0,0.0,0.0,4351.051546409575,36770.352866157584
2033,Expected,1.0,0.0,22973.713122006797,0.0,0.0,22973.713122006797,6490.424307796271,450.72391026362993,4952.494545881048,211.96092632174023,684.8936607207465,12790.497350983436,0.0,0.0,50925.064087114006,0.0,0.0,0.0,0.0,50925.064087114006,0.0,5092.506408711401,0.0,0.0,0.0,5092.506408711401,40856.716881701635
2034,Expected,1.0,3.044902502194676,26517.990127893303,0.0,0.0,26521.0350303955,6490.424307796271,450.72391026362993,4952.494545881048,211.96092632174023,684.8936607207465,12790.497350983436,0.0,6.300605946848985,58781.54478349693,0.0,0.0,0.0,0.0,58787.845389443784,0.6300605946848985,5878.154478349694,0.0,0.0,0.0,5878.784538944378,45190.31692032331
2035,Expected,1.0,10.069616298598596,30270.747877333335,0.0,0.0,30280.817493631934,6490.424307796271,450.72391026362993,4952.494545881048,211.96092632174023,684.8936607207465,12790.497350983436,0.0,20.836359879407865,67100.15779475444,0.0,0.0,0.0,0.0,67120.99415463385,2.0836359879407866,6710.015779475445,0.0,0.0,0.0,6712.099415463385,49783.41426007875
