cat,h_tier1,h_tier2,h_tier3,h_tier4,h_tier5,hospital_1,hospital_2,hospital_3,hospital_4,hospital_5,schools,school_total_demand,lat,lon,distance_grid_km,pop_sum,density,cooling,rwi,rwi_std
GHSL_1,0,50,97,0,0,0,0,0,0,0,0,0.0,3.6731061151650106,17.476380726383383,46.2,737.583206176758,14347.634729551,OM,-0.853,0.2930612394750364
GHSL_2,0,51,98,0,0,0,0,0,0,0,0,0.0,3.6520835199282886,17.448333278673527,48.46,747.147583007812,14533.6831428535,OM,-0.853,0.2930612394750364
GHSL_3,0,36,161,2,0,0,0,0,0,0,0,0.0,3.5963711932391984,17.42381204006182,49.86,989.835906982422,16501.9406662291,OM,-0.702,0.2930612394750364
GHSL_5,0,44,199,2,0,0,0,0,0,0,0,0.0,3.5903888418158436,17.41894982547845,50.31,1224.40737915039,15876.4458338246,OM,-0.702,0.2930612394750364
GHSL_6,0,46,443,11,0,0,0,0,0,0,0,0.0,3.5256730588173495,17.308126124167423,61.86,2502.2784576416,15367.4289605208,OM,-0.579,0.2930612394750364
GHSL_7,0,19,180,5,0,0,0,0,0,0,0,0.0,3.5220375383515212,17.30095453600245,62.62,1016.11173248291,14820.7662264135,OM,-0.579,0.2930612394750364
GHSL_9,0,48,108,0,0,0,0,0,0,0,0,0.0,3.481841049095774,17.25083327946181,67.73,783.271354675293,15232.8151434324,OM,-0.828,0.2930612394750364
GHSL_10,0,23,300,11,0,0,0,0,0,0,0,0.0,3.478565693246821,17.24689170383908,68.13,1668.94113922119,14980.1735860443,OM,-0.534,0.2930612394750364
GHSL_12,2,249,55,0,0,0,0,0,0,0,0,0.0,3.4690834018345638,17.131019712234444,80.86,1532.30317687988,14899.875309995,OM,-1.253,0.2930612394750364
GHSL_13,0,12,263,16,0,0,0,0,0,0,0,0.0,3.4638769188074394,16.812960352981253,115.97,1458.32595062256,15469.6716943095,OM,-0.46,0.2930612394750364
GHSL_14,0,12,131,4,0,0,0,0,0,0,0,0.0,3.4589926589003333,17.849277413801666,1.3,731.105888366699,14218.317548944,OM,-0.554,0.2930612394750364
GHSL_15,0,50,114,0,0,0,0,0,0,0,0,0.0,3.45166685407406,16.656249948501664,133.18,825.366264343262,16051.4637172941,OM,-0.824,0.2930612394750364
GHSL_16,0,68,47,0,0,0,0,0,0,0,0,0.0,3.447293356471415,17.778121536636604,9.05,578.069847106934,13490.5448566379,OM,-1.048,0.2930612394750364
GHSL_17,1,115,38,0,0,0,0,0,0,0,0,0.0,3.430538708748906,17.159046885378324,77.34,772.198944091797,15015.7302549644,OM,-1.181,0.2930612394750364
GHSL_18,0,15,403,31,0,0,0,0,0,0,0,0.0,3.4330042233176643,18.597191944141308,81.69,2243.82066345215,14544.967324616,AS,-0.427,0.2930612394750364
GHSL_20,0,8,202,15,0,0,0,0,0,0,0,0.0,3.4191782595617966,18.579586164638375,79.9,1122.86773681641,14556.4207056924,AS,-0.429,0.2930612394750364
GHSL_21,0,7,197,15,0,0,0,0,0,0,0,0.0,3.4132498684312322,18.57418070572466,79.37,1098.49478912354,14240.4592893807,AS,-0.429,0.2930612394750364
GHSL_22,0,169,143,0,0,0,0,0,0,0,0,0.0,3.4015793895251627,18.57251450492455,79.31,1563.38417053223,16582.1763720392,AS,-1.009,0.2930612394750364
GHSL_23,0,92,220,1,0,0,0,0,0,0,0,0.0,3.3976508358653876,17.33094869082691,57.98,1565.61421203613,14051.0865084958,OM,-0.814,0.2930612394750364
GHSL_24,0,7,121,6,0,0,0,0,0,0,0,0.0,3.3942827176391654,16.652004696935606,133.05,670.122779846191,15636.9800454134,OM,-0.489,0.2930612394750364
GHSL_25,0,2,208,45,0,0,0,0,0,0,0,0.0,3.374681581108657,17.184703276499686,73.91,1276.89527893066,14897.8564803484,OM,-0.257,0.2930612394750364
GHSL_26,0,35,192,2,0,0,0,0,0,0,0,0.0,3.372686803008987,18.630551954972738,86.04,1150.8098526001,13426.7862863155,AS,-0.671,0.2930612394750364
GHSL_27,0,25,89,1,0,0,0,0,0,0,0,0.0,3.359444886100175,16.996666613809598,94.55,571.779281616211,13342.1836802289,OM,-0.741,0.2930612394750364
GHSL_28,1,252,120,0,0,0,0,0,0,0,0,0.0,3.357111803927274,18.548427932194294,77.12,1862.98372650146,15525.6406695457,AS,-1.116,0.2930612394750364
GHSL_29,0,156,356,1,0,0,0,0,0,0,0,0.0,3.3338122212919394,18.63631252109816,87.09,2566.68101501465,13020.0474553456,AS,-0.824,0.2930612394750364
GHSL_30,0,11,385,37,0,0,0,0,0,0,0,0.0,3.3228529570987364,18.53873059053711,76.41,2166.04043579102,18051.2395269015,AS,-0.389,0.2930612394750364
GHSL_31,0,33,123,1,0,0,0,0,0,0,0,0.0,3.3110835451772176,16.876744592984142,107.31,787.049095153809,13116.6104785316,OM,-0.735,0.2930612394750364
GHSL_32,0,98,69,0,0,0,0,0,0,0,0,0.0,3.307037539223076,18.4509545314124,66.87,839.39119720459,12240.3056055266,AS,-1.043,0.2930612394750364
GHSL_33,0,138,442,3,0,0,0,0,0,0,0,0.0,3.3074113879749523,18.52335310787755,74.88,2912.72449493408,16989.7602364331,AS,-0.762,0.2930612394750364
GHSL_34,0,58,207,1,0,0,0,0,0,0,0,0.0,3.30248978691048,18.630659598047526,86.8,1330.18116760254,14107.0416111922,AS,-0.742,0.2930612394750364
GHSL_35,0,41,149,1,0,0,0,0,0,0,0,0.0,3.296580709628579,18.630968703500162,86.9,954.610466003418,13920.4745975767,AS,-0.742,0.2930612394750364
GHSL_36,0,9,168,9,0,0,0,0,0,0,0,0.0,3.2770831068207538,16.747701213646977,121.23,930.242324829102,15503.0052134708,AS,-0.476,0.2930612394750364
GHSL_37,0,33,555,26,0,0,0,0,0,0,0,0.0,3.2541234451098338,18.631557586185323,87.42,3071.83013916016,13782.9343262507,AS,-0.495,0.2930612394750364
GHSL_38,0,48,218,2,0,0,0,0,0,0,0,0.0,3.2449392456311275,18.155926833870556,34.9,1340.10855102539,14212.3250225405,AS,-0.703,0.2930612394750364
GHSL_39,0,29,294,8,0,0,0,0,0,0,0,0.0,3.238316060864804,18.53747296272128,77.18,1654.61067199707,17547.7312178877,AS,-0.573,0.2930612394750364
GHSL_40,0,42,99,0,0,0,0,0,0,0,0,0.0,3.226894576311262,17.99490585840447,17.29,704.948143005371,13706.4112421327,AS,-0.817,0.2930612394750364
GHSL_42,0,48,305,5,0,0,0,0,0,0,0,0.0,3.213493483283838,18.634648589104476,88.2,1788.8465423584,13912.3233967833,AS,-0.646,0.2930612394750364
GHSL_44,0,189,100,0,0,0,0,0,0,0,0,0.0,3.1867904072280493,18.521313855420196,75.95,1448.69897460938,16898.3899989429,AS,-1.096,0.2930612394750364
GHSL_45,0,125,661,8,0,0,0,0,0,0,1,12000000.0,3.179460889182253,18.620877780584834,87.05,3970.21504974365,14033.5409963757,AS,-0.675,0.2930612394750364
GHSL_46,0,5,106,6,0,0,0,0,0,0,0,0.0,3.159504937008746,18.611782470695605,86.24,588.466728210449,13728.3734564435,AS,-0.463,0.2930612394750364
GHSL_47,0,0,202,137,0,0,0,0,0,0,0,0.0,3.1499778568943464,18.53142800820304,77.46,1697.66338348389,13201.6282396974,AS,-0.053,0.2930612394750364
GHSL_48,0,39,83,0,0,0,0,0,0,0,0,0.0,3.14014003330496,18.521526763088655,76.47,610.325454711914,14238.3169185096,AS,-0.834,0.2930612394750364
GHSL_49,0,4,242,39,0,0,0,0,0,0,0,0.0,3.138440827709694,18.60094990047716,85.28,1426.56943511963,13866.8828018161,AS,-0.308,0.2930612394750364
GHSL_50,0,63,136,0,0,0,0,0,0,0,0,0.0,3.1349050041497186,18.51814607042219,76.15,999.359367370605,12952.2838805372,AS,-0.834,0.2930612394750364
GHSL_51,0,112,240,1,0,0,0,0,0,0,0,0.0,3.125763054808635,18.51383969307891,75.78,1762.6022644043,12849.9523533499,AS,-0.834,0.2930612394750364
GHSL_52,0,29,76,0,0,0,0,0,0,0,0,0.0,3.118828773672972,18.5534491375951,80.23,527.158226013184,12298.1039545826,AS,-0.797,0.2930612394750364
GHSL_53,0,0,108,41,0,0,0,0,0,0,0,0.0,3.1109419115432444,18.5070845875583,75.19,745.005363464355,12414.4800697265,AS,-0.16,0.2930612394750364
GHSL_54,0,5,326,48,0,0,0,0,0,0,0,0.0,3.073878130554021,17.2753247401136,60.7,1899.68577575684,13847.7211318874,AS,-0.322,0.2930612394750364
GHSL_55,0,40,807,47,0,0,0,0,0,0,0,0.0,3.072895817289412,16.992340422614234,92.01,4466.79199981689,14884.8412136922,AS,-0.467,0.2930612394750364
GHSL_56,0,20,157,3,0,0,0,0,0,0,0,0.0,3.070712265544314,18.41452615754579,65.38,902.991256713867,13164.6730918163,AS,-0.612,0.2930612394750364
GHSL_57,0,1,216,85,0,0,0,0,0,0,0,0.0,3.067354647952066,17.171615354240746,72.11,1510.86145019531,14684.5254081653,AS,-0.154,0.2930612394750364
GHSL_58,0,2,112,14,0,0,0,0,0,0,0,0.0,3.015000189177533,17.200416612996367,68.37,641.080337524414,12461.7124936711,AS,-0.347,0.2930612394750364
GHSL_60,0,184,279,1,0,0,0,0,0,0,0,0.0,2.9975022894697165,17.7531561656207,7.01,2320.36702728271,15919.3116486417,AS,-0.899,0.2930612394750364
GHSL_61,0,77,447,6,0,0,0,0,0,0,0,0.0,2.99461884724952,17.48351910954534,36.82,2654.55484771729,12900.2160004922,AS,-0.661,0.2930612394750364
GHSL_62,0,3,100,10,0,0,0,0,0,0,0,0.0,2.932500189511969,18.02749994302852,24.03,561.746139526367,13101.9507761252,AS,-0.386,0.2930612394750364
GHSL_63,0,8,296,30,0,0,0,0,0,0,0,0.0,2.9340471318685606,18.44275506162549,69.97,1668.56391143799,14969.2456035579,AS,-0.385,0.2930612394750364
GHSL_64,0,11,413,41,0,0,0,0,0,0,0,0.0,2.9267111701722786,18.438072639190363,69.53,2325.32991027832,15065.3055411618,AS,-0.385,0.2930612394750364
GHSL_65,0,296,254,0,0,0,0,0,0,0,0,0.0,2.9189178699571907,17.63069429111557,19.73,2756.74284362793,13395.2519126722,AS,-1.006,0.2930612394750364
GHSL_66,0,7,258,26,0,0,0,0,0,0,0,0.0,2.9210282864082098,18.441823850730596,70.0,1454.45394134521,15419.6018165408,AS,-0.385,0.2930612394750364
GHSL_67,0,14,110,2,0,0,0,0,0,0,0,0.0,2.904399828326119,18.065655897517214,28.55,632.519134521484,12293.8607292806,AS,-0.608,0.2930612394750364
GHSL_68,0,95,637,11,0,0,0,0,0,0,0,0.0,2.9014997568026737,17.672042988390178,14.98,3713.46299743652,13122.9366461225,AS,-0.637,0.2930612394750364
GHSL_69,0,27,121,1,0,0,0,0,0,0,0,0.0,2.8782520813156043,18.085086029638862,30.99,748.273818969727,12466.0361344394,AS,-0.703,0.2930612394750364
GHSL_70,0,107,92,0,0,0,0,0,0,0,0,0.0,2.853462628251902,17.595472983545466,22.93,991.742897033691,12850.5720380135,AS,-1.006,0.2930612394750364
GHSL_71,0,41,192,2,0,0,0,0,0,0,0,0.0,2.8532549054703433,18.04866982588889,27.22,1176.87747192383,13724.5186230184,AS,-0.696,0.2930612394750364
GHSL_72,0,38,68,0,0,0,0,0,0,0,0,0.0,2.8501160531784153,17.673828529356477,14.23,531.496635437012,12396.4229839536,AS,-0.865,0.2930612394750364
GHSL_73,0,2,154,27,0,0,0,0,0,0,0,0.0,2.823653773203685,18.012177244480462,23.49,912.201553344727,13297.3987368036,AS,-0.296,0.2930612394750364
GHSL_74,0,32,106,1,0,0,0,0,0,0,0,0.0,2.7006061191072854,18.343619160611638,61.5,693.557456970215,13478.6508273129,AS,-0.756,0.2930612394750364
GHSL_75,0,52,77,0,0,0,0,0,0,0,0,0.0,2.6876109938998103,18.143035876650092,39.43,644.765953063965,12530.4328564981,AS,-0.902,0.2930612394750364
GHSL_76,0,86,655,13,0,0,0,0,0,0,0,0.0,2.690554418157969,18.364965152449322,63.95,3768.70681762695,14648.269658065,AS,-0.616,0.2930612394750364
GHSL_77,0,0,85,355,3,0,0,0,0,0,0,0.0,2.6465726084480914,17.18198294643551,66.5,2216.49058532715,12921.1296801163,AS,0.28,0.2930612394750364
GHSL_79,0,136,746,10,0,0,0,0,0,0,0,0.0,2.5311060255852884,18.16987736902101,44.07,4458.38617706299,16766.131211185,AS,-0.67,0.2930612394750364
GHSL_80,0,8,127,6,0,0,0,0,0,0,0,0.0,2.456383828013911,18.1620832758247,44.01,700.554641723633,13611.4603583515,AS,-0.496,0.2930612394750364
GHSL_81,0,101,524,6,0,0,0,0,0,0,0,0.0,2.4556667251335544,17.042588722270235,79.91,3157.96403503418,13148.1032668045,AS,-0.679,0.31741322977612474
GHSL_82,0,44,63,0,0,0,0,0,0,0,0,0.0,2.4465270135139368,17.72819343292179,3.91,534.429702758789,12460.4733681228,AS,-0.911,0.2930612394750364
GHSL_83,0,12,381,33,0,0,0,0,0,0,0,0.0,2.444526118306481,18.148528823416715,42.65,2132.21118927002,14621.6119846256,AS,-0.405,0.2930612394750364
GHSL_84,0,41,73,0,0,0,0,0,0,0,0,0.0,2.4426400361324516,17.448328483713208,34.86,571.124969482422,13316.040323675,AS,-0.866,0.2930612394750364
GHSL_85,0,64,294,3,0,0,0,0,0,0,0,0.0,2.4357663677609613,17.468784970063066,32.52,1806.6498260498,14040.9561362385,AS,-0.7,0.2930612394750364
GHSL_86,0,12,224,12,0,0,0,0,0,0,0,0.0,2.4329168582038183,18.151249942534598,43.06,1242.37928009033,14483.3210549118,AS,-0.48,0.2930612394750364
GHSL_87,0,247,271,0,0,0,0,0,0,0,0,0.0,2.435688404770818,18.213721345072276,49.95,2590.5128326416,14380.7127460147,AS,-0.96,0.2930612394750364
GHSL_88,0,20,103,1,0,0,0,0,0,0,0,0.0,2.414518869735818,17.027847019610597,81.11,620.247169494629,14461.3469222343,AS,-0.679,0.31741322977612474
GHSL_89,0,109,239,1,0,0,0,0,0,0,0,0.0,2.4072949561995576,18.145094461855873,42.66,1742.79356384277,15628.4732306506,AS,-0.83,0.2930612394750364
GHSL_91,0,236,301,0,0,0,0,0,0,0,0,0.0,2.3887614630609133,17.653452197429033,11.59,2687.67761230469,13622.7032363107,AS,-0.932,0.2930612394750364
GHSL_92,0,156,136,0,0,0,0,0,0,0,0,0.0,2.333294560028358,17.496759044942873,28.33,1461.56565093994,13105.0386986106,AS,-1.003,0.2930612394750364
GHSL_93,0,33,113,1,0,0,0,0,0,0,0,0.0,2.3325308833656244,18.140739191155735,42.98,735.101943969727,14281.0339971583,AS,-0.75,0.2930612394750364
GHSL_94,0,174,842,9,0,0,0,0,0,0,0,0.0,2.294239500924891,18.00483857317169,28.33,5125.24953460693,16146.4340473341,AS,-0.691,0.2930612394750364
GHSL_95,0,51,867,42,0,0,0,0,0,0,0,0.0,2.285172432837292,18.097933468451078,38.74,4802.09258270264,15548.6024747207,AS,-0.494,0.2930612394750364
GHSL_96,0,78,408,5,0,0,0,0,0,0,0,0.0,2.2358700862695957,18.080168710998247,37.3,2452.60450744629,14294.2330542388,AS,-0.677,0.2930612394750364
GHSL_97,0,19,98,1,0,0,0,0,0,0,0,0.0,2.2258335257099513,18.07749994282895,37.11,591.765617370605,13795.6782228839,AS,-0.677,0.2930612394750364
GHSL_98,0,19,291,13,0,0,0,0,0,0,0,0.0,2.1896168949218238,18.080389409365573,37.82,1613.61096191406,13433.3246912593,AS,-0.504,0.2930612394750364
GHSL_99,0,18,349,20,0,0,0,0,0,0,0,0.0,2.1850680710251247,18.03416501504352,32.75,1932.02841949463,15011.8758313491,AS,-0.47,0.2930612394750364
GHSL_100,0,7,192,14,0,0,0,0,0,0,0,0.0,2.161952583155356,18.047536852284182,34.49,1068.5299911499,13837.4772228685,AS,-0.431,0.2930612394750364
GHSL_101,0,69,235,2,0,0,0,0,0,0,0,0.0,2.156776967463246,18.077876399708373,37.89,1530.79409790039,12743.8736088944,AS,-0.752,0.2930612394750364
GHSL_102,0,1,137,31,0,0,0,0,0,0,0,0.0,2.1212501928005736,18.074166609508925,37.86,846.522407531738,12332.7856575137,AS,-0.254,0.2930612394750364
GHSL_103,0,1,233,103,0,0,0,0,0,0,0,0.0,2.109891533901989,18.043787924779593,34.62,1687.30416870117,15127.3459628938,AS,-0.132,0.2930612394750364
GHSL_104,0,1,112,26,0,0,0,0,0,0,0,0.0,2.07287119161086,14.129453616110624,203.59,696.0791015625,2080.2077029541,AS,-0.249,0.3176590953419139
GHSL_105,0,13,105,2,0,0,0,0,0,0,0,0.0,2.0716189506978133,14.108898302266658,205.49,600.859105110168,2059.71172737614,AS,-0.604,0.3176590953419139
GHSL_106,0,31,542,27,0,0,0,0,0,0,0,0.0,1.9838981538535065,17.33210599036717,42.85,2998.93322753906,12481.6173087513,AS,-0.49,0.31741322977612474
GHSL_107,0,109,146,0,0,0,0,0,0,0,0,0.0,1.9254938560599513,18.034473073799887,35.55,1275.17855834961,13509.5354255131,NC,-0.922,0.2930612394750364
GHSL_108,0,2,231,68,0,0,0,0,0,0,0,0.0,1.8536211759126051,18.04628745555179,37.63,1504.39505004883,12522.6418003965,NC,-0.205,0.3318392681241085
GHSL_109,0,20,83,1,0,0,0,0,0,0,0,0.0,1.8209493906837346,18.01367135816739,34.37,521.323745727539,12149.2366750766,NC,-0.717,0.3318392681241085
GHSL_110,0,3,475,145,0,0,0,0,0,0,0,0.0,1.823597835212276,18.04854347352823,38.2,3115.20941162109,12517.0140053403,NC,-0.199,0.3318392681241085
GHSL_111,0,33,139,1,0,0,0,0,0,0,0,0.0,1.8103667851259913,18.01015345018278,34.08,867.608116149902,12638.5053628642,NC,-0.717,0.3318392681241085
GHSL_112,0,65,320,4,0,0,0,0,0,0,0,0.0,1.7859755467136809,18.05552391496971,39.38,1944.10890197754,11922.8060075405,NC,-0.689,0.3318392681241085
GHSL_113,0,64,506,10,0,0,0,0,0,0,0,0.0,1.7554266786031452,18.058653604522938,40.05,2901.40754699707,12074.3064678441,NC,-0.611,0.3318392681241085
GHSL_114,0,28,76,0,0,0,0,0,0,0,0,0.0,1.729282724388663,18.002995194709335,34.16,521.421714782715,12151.5198038386,NC,-0.788,0.3318392681241085
GHSL_115,0,47,302,5,0,0,0,0,0,0,0,0.0,1.7095600771948216,18.066140041521127,41.37,1771.99179077148,12145.748219745,NC,-0.645,0.3318392681241085
GHSL_116,0,128,377,2,0,0,0,0,0,0,0,0.0,1.6915624934266171,17.109604614730998,64.37,2536.17121124268,11820.886559043,NC,-0.778,0.31741322977612474
GHSL_117,0,74,202,1,0,0,0,0,0,0,0,0.0,1.6866544744052328,17.12647664561801,62.48,1386.51165008545,12427.725741583,NC,-0.792,0.31741322977612474
GHSL_118,0,62,393,6,0,0,0,0,0,0,0,0.0,1.6832591510475716,17.057023464077275,70.12,2306.19725799561,14143.4168087159,NC,-0.647,0.31741322977612474
GHSL_119,0,58,551,14,0,0,0,0,0,0,0,0.0,1.6824147029507133,17.151217241829087,59.67,3112.49615478516,12506.1120500211,NC,-0.58,0.31741322977612474
GHSL_120,0,4,120,10,0,0,0,0,0,0,0,0.0,1.648337633249369,18.051016719372754,40.35,673.032455444336,13070.6217556967,NC,-0.41,0.3318392681241085
GHSL_121,0,0,99,41,0,0,0,0,0,0,0,0.0,1.6356058067765578,18.058938888243674,41.36,702.129104614258,13635.6930127837,NC,-0.145,0.3318392681241085
GHSL_122,0,9,602,97,0,0,0,0,0,0,0,0.0,1.6265284674273017,17.356258847132032,36.37,3539.86820983887,12889.8720062299,NC,-0.309,0.31741322977612474
GHSL_123,0,58,293,3,0,0,0,0,0,0,0,0.0,1.6198118496780423,17.357680892193212,36.14,1771.73955535889,12903.0205325018,NC,-0.684,0.31741322977612474
GHSL_124,0,0,194,123,0,0,0,0,0,0,0,0.0,1.5731805947008861,18.051073892904704,41.15,1587.54286193848,13211.688070592,NC,-0.066,0.3318392681241085
GHSL_125,0,46,272,4,0,0,0,0,0,0,0,0.0,1.5667402366898944,17.373243187014797,33.85,1610.15081787109,12506.511459638,NC,-0.658,0.31741322977612474
GHSL_126,0,73,255,2,0,0,0,0,0,0,0,0.0,1.5541289055390435,18.030786594143205,39.11,1646.2717666626,11282.7118357259,NC,-0.746,0.3318392681241085
GHSL_127,0,39,136,1,0,0,0,0,0,0,0,0.0,1.551370364763989,18.023273922796733,38.29,880.15404510498,10254.6201223929,NC,-0.746,0.3318392681241085
GHSL_128,0,117,63,0,0,0,0,0,0,0,0,0.0,1.5394293884899948,17.997134992224822,35.54,900.239952087402,13110.7997216504,NC,-1.094,0.3318392681241085
GHSL_129,0,102,147,0,0,0,0,0,0,0,0,0.0,1.537320075619232,17.991591884638353,34.93,1248.78034210205,13226.7838338158,NC,-0.909,0.3318392681241085
GHSL_130,0,152,108,0,0,0,0,0,0,0,0,0.0,1.5374378106383786,17.69482675544637,2.08,1301.85166931152,11667.5330421632,NC,-1.041,0.31741322977612474
GHSL_131,0,8,122,5,0,0,0,0,0,0,0,0.0,1.5279338590395155,17.971298399810223,32.8,678.61986541748,13177.596516709,NC,-0.508,0.3318392681241085
GHSL_132,0,7,98,4,0,0,0,0,0,0,0,0.0,1.4992827253210257,18.035338024747578,40.2,543.018981933594,12653.3608746031,NC,-0.52,0.3318392681241085
GHSL_133,0,25,223,5,0,0,0,0,0,0,0,0.0,1.4898024456807304,17.65993608545171,1.28,1263.97996520996,11328.1169862605,NC,-0.588,0.31741322977612474
GHSL_134,0,9,240,18,0,0,0,0,0,0,0,0.0,1.4824342848022523,18.028497619891528,39.63,1332.0009765625,11937.7389702587,NC,-0.432,0.3318392681241085
GHSL_135,4,398,86,0,0,0,0,0,0,0,0,0.0,1.4716201012845447,17.626545247464836,4.77,2439.64122009277,11843.3784811681,NC,-1.256,0.31741322977612474
GHSL_136,0,19,350,18,0,0,0,0,0,0,0,0.0,1.4698493680968676,17.636683720062905,3.64,1939.57334136963,11893.6045019814,NC,-0.483,0.31741322977612474
GHSL_137,0,94,134,0,0,0,0,0,0,0,0,0.0,1.4348093513318534,18.00556568791341,37.59,1141.46716308594,11082.6358604794,NC,-0.911,0.3318392681241085
GHSL_138,0,28,321,10,0,0,0,0,0,0,0,0.0,1.4215816156187542,17.668055771834123,0.35,1794.49838256836,11615.3273432519,NC,-0.549,0.31741322977612474
GHSL_139,0,138,644,7,0,0,0,0,0,0,0,0.0,1.4185450257833663,17.61172785258709,5.86,3944.79654693604,11209.8974630396,NC,-0.697,0.31741322977612474
GHSL_140,0,15,154,4,0,0,0,0,0,0,0,0.0,1.4144293889967137,17.643698228818632,2.27,867.815040588379,12638.5739337699,NC,-0.567,0.31741322977612474
GHSL_141,0,163,105,0,0,0,0,0,0,0,0,0.0,1.4075024624090902,17.561565512224682,11.3,1337.32595062256,11129.3582881656,NC,-1.06,0.31741322977612474
GHSL_142,0,2,337,100,0,0,0,0,0,0,0,0.0,1.396855969786199,17.509233493045166,16.98,2199.26472473145,10676.4569727535,NC,-0.204,0.31741322977612474
GHSL_143,0,0,342,348,0,0,0,0,0,0,0,0.0,1.3885216855256666,17.475182104084574,20.66,3457.23859405518,11508.5920475863,NC,0.023,0.31741322977612474
GHSL_144,0,129,352,2,0,0,0,0,0,0,0,0.0,1.3817011028741948,17.598798067716057,6.89,2415.84409332275,11727.8539619148,NC,-0.791,0.31741322977612474
GHSL_145,0,55,422,8,0,0,0,0,0,0,0,0.0,1.3499583901446945,17.494199022150113,18.13,2427.30505371094,11782.8954045122,NC,-0.614,0.31741322977612474
GHSL_146,0,5,265,38,0,0,0,0,0,0,0,0.0,1.3433749011661242,17.488026120006317,18.77,1536.46796417236,11187.0046319633,NC,-0.327,0.31741322977612474
GHSL_147,0,58,111,0,0,0,0,0,0,0,0,0.0,1.3113019118256752,17.94661489427625,32.39,850.542266845703,12385.5758802089,NC,-0.856,0.3318392681241085
GHSL_148,0,69,133,0,0,0,0,0,0,0,0,0.0,1.3023277742018102,17.94483102698125,32.28,1012.00279998779,11789.4082011625,NC,-0.856,0.3318392681241085
GHSL_149,0,289,251,0,0,0,0,0,0,0,0,0.0,1.249066277430783,17.937214718878312,32.0,2701.55127716064,12104.5920727321,NC,-1.004,0.3318392681241085
GHSL_150,0,3,129,17,0,0,0,0,0,0,0,0.0,1.2175001964641519,17.929999943417677,31.54,740.653427124023,12326.1454387569,NC,-0.343,0.3318392681241085
GHSL_151,0,31,480,21,0,0,0,0,0,0,0,0.0,1.2123236106616384,17.41270019017115,25.7,2659.75250244141,11066.0718547855,NC,-0.506,0.31741322977612474
GHSL_152,11,270,18,0,0,0,0,0,0,0,0,0.0,1.1648495484385595,17.35655120068831,31.42,1496.10906219482,13406.95625309,NC,-1.445,0.31741322977612474
GHSL_153,0,5,400,75,0,0,0,0,0,0,0,0.0,1.1111720145732693,17.32364833076576,34.48,2397.84869384766,13301.8722198978,NC,-0.283,0.31741322977612474
GHSL_154,0,4,159,18,0,0,0,0,0,0,0,0.0,1.0839892666297533,17.306009713927114,36.16,899.496376037598,13098.444432048,NC,-0.369,0.31741322977612474
GHSL_155,0,43,469,14,0,0,0,0,0,0,0,0.0,1.0178622768225647,17.155397778411405,52.14,2630.72005462646,12769.3118578428,NC,-0.561,0.31741322977612474
GHSL_156,0,3,91,8,0,0,0,0,0,0,0,0.0,0.9759493941091559,17.820338025605714,21.97,507.248275756836,11817.0827200195,NC,-0.406,0.3318392681241085
GHSL_157,0,2,132,23,0,0,0,0,0,0,0,0.0,0.962978958786361,17.06529560711729,61.53,785.945976257324,13078.3921500512,NC,-0.296,0.31741322977612474
GHSL_158,0,42,69,0,0,0,0,0,0,0,0,0.0,0.9520188756644296,17.825347016427493,22.78,553.115814208984,12885.633411974,NC,-0.883,0.3318392681241085
GHSL_159,0,55,851,38,0,0,0,0,0,0,0,0.0,0.8971301357449428,17.841628340484174,25.17,4719.06526947021,13087.7922996095,NC,-0.506,0.3318392681241085
GHSL_160,0,26,405,18,0,0,0,0,0,0,0,0.0,0.855849189637642,17.097840554532354,56.79,2245.64367675781,14532.0887643682,NC,-0.504,0.31741322977612474
GHSL_161,0,46,62,0,0,0,0,0,0,0,0,0.0,0.8214551240156862,17.86854010795002,28.97,540.575386047363,12593.4859882903,NC,-0.922,0.3318392681241085
GHSL_162,0,46,441,12,0,0,0,0,0,0,0,0.0,0.8030594779074058,17.868114011907707,29.1,2490.75915527344,13187.6907675832,NC,-0.578,0.3318392681241085
GHSL_163,0,17,168,4,0,0,0,0,0,0,0,0.0,0.7926245636086627,17.867134601641364,29.11,950.562973022461,12302.633443635,NC,-0.578,0.3318392681241085
GHSL_164,0,17,159,4,0,0,0,0,0,0,0,0.0,0.7753368831096592,17.863518106391282,28.9,899.605178833008,13098.5028950642,NC,-0.581,0.3318392681241085
GHSL_165,0,1,85,25,0,0,0,0,0,0,0,0.0,0.765000198298475,17.864999943677116,29.17,551.480926513672,12847.5463369522,NC,-0.208,0.3318392681241085
GHSL_166,0,12,94,2,0,0,0,0,0,0,0,0.0,0.7366668650799981,17.86416661034711,29.38,542.158279418945,12630.3617802899,NC,-0.611,0.3318392681241085
GHSL_167,0,3,214,33,0,0,0,0,0,0,0,0.0,0.7326772539562478,17.13330652733131,51.55,1252.19930267334,14585.8975267716,NC,-0.316,0.31741322977612474
GHSL_168,0,61,508,11,0,0,0,0,0,0,0,0.0,0.7058735822404245,17.86310544951808,29.59,2902.61803436279,13524.1376091452,NC,-0.601,0.3318392681241085
GHSL_169,0,1,151,66,0,0,0,0,0,0,0,0.0,0.5518385244803634,17.882996884845955,33.44,1087.56721496582,14075.8068331822,NC,-0.136,0.3318392681241085
GHSL_170,0,84,145,0,0,0,1,0,0,0,0,0.0,0.5490819086734122,16.63485974782861,104.82,1144.09072875977,2379.75440710493,AS,-0.874,0.4544581984672556
GHSL_171,0,41,564,22,0,0,0,0,0,0,0,0.0,0.42181052866485275,17.948037880195507,42.04,3134.55186462402,14041.4264035551,NC,-0.525,0.3318392681241085
GHSL_172,0,157,412,2,0,0,0,0,0,0,0,0.0,0.2910285660242715,17.393377178665297,18.03,2856.23448181152,14463.5578738468,NC,-0.798,0.31741322977612474
GHSL_173,0,13,280,17,0,0,0,0,0,0,0,0.0,0.22399597559345027,17.800147835875915,27.76,1548.80645751953,16398.8570984428,NC,-0.463,0.3318392681241085
GHSL_176,0,17,156,4,0,0,0,0,0,0,0,0.0,0.13177525695338116,17.76489527333067,24.84,884.504570007324,14716.7244019721,NC,-0.585,0.3318392681241085
GHSL_178,0,24,360,16,0,0,0,0,0,0,0,0.0,0.03279296451580996,17.72908932000182,21.92,1997.56042480469,16618.0861269566,NC,-0.508,0.3318392681241085
GHSL_179,0,61,118,0,0,0,0,0,0,0,0,0.0,-0.00713320750631344,17.43234643831894,10.52,896.380256652832,13050.0270302357,NC,-0.854,0.31741322977612474
GHSL_181,0,46,57,0,0,0,0,0,0,0,0,0.0,-0.2753378792345852,17.41094914215521,2.34,518.258163452148,12072.1677952981,AS,-0.938,0.31741322977612474
GHSL_182,0,70,90,0,0,0,0,0,0,0,0,0.0,-0.2920888931471278,14.232891144611251,147.13,803.537155151367,4456.51922371617,OM,-0.929,0.31831283999010174
GHSL_183,0,7,858,218,0,0,0,0,0,0,0,0.0,-0.3292470311573027,17.687116581750686,25.87,5416.05041503906,14017.78195781,NC,-0.231,0.3318392681241085
GHSL_184,0,92,313,2,0,0,0,0,0,0,0,0.0,-0.3524920117735947,17.366761884776086,1.17,2031.56686401367,13145.2161400579,AS,-0.751,0.31741322977612474
GHSL_185,0,35,151,1,0,0,0,0,0,0,0,0.0,-0.3845831303747324,17.7116666109558,31.72,937.860481262207,13653.9203538057,NC,-0.708,0.3318392681241085
GHSL_186,0,18,126,2,0,0,0,0,0,0,0,0.0,-0.4019612757150906,17.167619674243774,15.67,730.640563964844,14182.7891133792,AS,-0.634,0.31741322977612474
GHSL_187,0,4,143,13,0,0,0,0,0,0,0,0.0,-0.40120133167382,17.71046877841554,32.71,797.841651916504,13274.7937159579,NC,-0.404,0.3318392681241085
GHSL_188,0,26,164,3,0,0,0,0,0,0,0,0.0,-0.43630258269359795,14.63678743054079,100.66,958.748844146729,4652.67511135729,OM,-0.644,0.31831283999010174
GHSL_189,0,6,139,10,0,0,0,0,0,0,0,0.0,-0.46386432397018035,14.469138259504541,114.9,774.465473175049,4295.28397931876,OM,-0.438,0.31831283999010174
GHSL_190,0,23,163,3,0,0,0,0,0,0,0,0.0,-0.4646692214002505,17.70193967619205,36.15,945.051261901855,12229.8737208098,NC,-0.631,0.3318392681241085
GHSL_191,0,14,164,5,0,0,0,0,0,0,0,0.0,-0.5300766330268375,14.574320625268365,101.12,917.449005126953,4452.77133142571,OM,-0.546,0.31831283999010174
GHSL_192,0,18,131,2,0,0,0,0,0,0,0,0.0,-0.5511877017422493,17.36637095208571,11.93,757.046829223633,12597.5011103026,AS,-0.622,0.31741322977612474
GHSL_193,0,11,168,8,0,0,0,0,0,0,0,0.0,-0.5745977239013058,14.651932872121934,91.17,932.581829071045,4723.0094404854,OM,-0.504,0.31831283999010174
GHSL_194,0,2,135,25,0,0,0,0,0,0,0,0.0,-0.6078026140647733,14.9581580664413,60.71,809.480506896973,4285.91362787617,OM,-0.288,0.23656312205845592
GHSL_195,0,6,264,29,0,0,0,0,0,0,0,0.0,-0.7153785583655333,17.511413508811643,35.74,1496.0026550293,13404.4411543327,AS,-0.371,0.31741322977612474
GHSL_196,0,2,89,11,0,0,0,0,0,0,0,0.0,-0.7369528370617123,14.830065133141542,65.56,510.170318603516,4244.69854899339,OM,-0.353,0.23656312205845592
GHSL_197,0,14,228,11,0,0,0,0,0,0,0,0.0,-0.749932960606807,15.039469078430246,44.1,1261.4548034668,4198.20219141957,OM,-0.495,0.23656312205845592
GHSL_198,0,0,101,80,0,0,0,0,0,0,0,0.0,-0.8101651011266544,14.698875318304689,77.12,907.55584526062,4065.92825259003,OM,-0.025,0.23656312205845592
GHSL_199,0,14,194,7,0,0,1,0,0,0,0,0.0,-0.8328102949850884,15.116248668173615,32.17,1079.31102752686,4190.68541070416,OM,-0.527,0.23656312205845592
GHSL_200,0,22,233,7,0,0,0,0,0,0,0,0.0,-0.8321568984373703,14.83730948279378,61.55,1308.51371765137,4916.72916997526,OM,-0.563,0.23656312205845592
GHSL_201,0,21,252,8,0,0,0,0,0,0,0,0.0,-0.8710918973777074,14.50858731743505,96.24,1409.11281585693,4319.38453194658,OM,-0.545,0.23656312205845592
GHSL_202,0,0,61,101,0,0,0,0,0,0,0,0.0,-0.872760644025543,15.084935308468493,33.76,814.617637634277,4518.49925193043,OM,0.114,0.23656312205845592
GHSL_203,0,1,126,32,0,0,0,0,0,0,0,0.0,-0.9040431233673122,14.548615000562956,91.25,797.596405029297,3318.06475176511,OM,-0.229,0.23656312205845592
GHSL_204,0,4,165,19,0,0,0,0,0,0,0,0.0,-1.0398640841905207,14.868056020623364,54.68,939.603189468384,4054.06781552407,AS,-0.361,0.23656312205845592
GHSL_205,0,20,167,4,0,0,1,0,0,0,0,0.0,-2.4225993009095803,12.727548146529308,82.88,953.945475578308,1823.08818131459,OM,-0.602,0.4570857299209934
GHSL_206,0,10,127,5,0,0,0,0,0,0,0,0.0,-2.4707000942031616,13.54242574081472,137.95,706.850866317749,4120.13794776025,OM,-0.534,0.23132084500393246
GHSL_207,0,21,120,2,0,0,0,0,0,0,0,0.0,-2.548231583532943,12.692008641619388,70.46,712.963856697083,1933.14151881881,OM,-0.666,0.4570857299209934
GHSL_208,0,0,41,77,0,0,0,0,0,0,0,0.0,-2.7781720500172766,13.599236679993798,125.76,587.340932846069,3604.5569818224,OM,0.139,0.3730462810131978
GHSL_209,0,0,76,64,0,0,0,0,0,0,0,0.0,-2.799518749134085,13.635439122259534,122.9,697.562789916992,3389.12269665827,OM,-0.013,0.3730462810131978
GHSL_210,0,8,123,6,0,0,0,0,0,0,0,0.0,-2.8949671320398953,13.848787073567685,111.53,681.037055969238,3453.09700073134,OM,-0.498,0.15177764837239557
GHSL_211,0,4,167,17,0,0,0,0,0,0,1,12000000.0,-3.0032112880214106,13.88696988030758,100.3,941.08242225647,3920.0007591742,OM,-0.379,0.15177764837239557
GHSL_212,0,18,124,2,0,0,0,0,0,0,0,0.0,-3.032328115581265,13.904051718309036,97.4,723.134244918823,4016.20760948839,OM,-0.636,0.15177764837239557
GHSL_213,0,51,131,1,0,0,0,0,0,0,0,0.0,-3.0702231804459608,13.559541908436602,94.97,913.222822189331,3944.84108799787,OM,-0.803,0.3730462810131978
GHSL_214,0,1,201,77,0,0,1,0,0,0,0,0.0,-3.1976030020226425,14.024022849833573,82.88,1398.07263565063,3328.17584561583,OM,-0.158,0.15177764837239557
GHSL_215,0,4,207,29,0,0,0,0,0,0,0,0.0,-3.2050371213777367,13.812501495736246,77.25,1199.0106754303,3780.41226441304,OM,-0.33,0.15177764837239557
GHSL_216,0,3,116,13,0,0,0,0,0,0,0,0.0,-3.214779215038278,13.12073588257637,54.93,660.155216217041,3667.28449335067,OM,-0.363,0.3730462810131978
GHSL_217,0,27,215,4,0,0,1,0,0,0,0,0.0,-3.2190819173201746,13.79304079216323,75.6,1235.4256477356,3895.22659487078,OM,-0.61,0.15177764837239557
GHSL_218,0,11,155,6,0,0,0,0,0,0,0,0.0,-3.2533700130094894,13.222142595124488,60.26,862.520694732666,3049.1123132845,OM,-0.522,0.3730462810131978
GHSL_219,0,2,159,36,0,0,1,0,0,0,0,0.0,-3.4316950153404187,13.507001587167704,59.74,982.410667419434,3016.33249633799,OM,-0.253,0.35802961807276834
GHSL_220,0,9,155,8,0,0,1,0,0,0,0,0.0,-3.497878190781458,13.320295045799725,49.74,860.469848632812,2868.71094726725,OM,-0.483,0.35802961807276834
GHSL_221,0,5,157,14,0,0,0,0,0,0,0,0.0,-3.592368078095071,13.360047534241076,45.84,878.708726882935,2848.47423815477,OM,-0.408,0.35802961807276834
GHSL_222,0,39,109,1,0,0,0,0,0,0,1,12000000.0,-3.6245414101860334,13.372103763949575,44.36,744.673940658569,2715.7265311682,OM,-0.787,0.35802961807276834
GHSL_223,0,3,124,13,0,0,0,0,0,0,0,0.0,-3.6336897538518,13.979115748001782,36.66,698.482475280762,2397.43286429456,OM,-0.378,0.3768321895997766
GHSL_224,0,7,170,12,0,0,0,0,0,0,0,0.0,-3.6502899907683877,13.59321736830369,34.14,941.353862762451,2615.78054516111,OM,-0.443,0.35802961807276834
GHSL_225,0,0,85,57,0,0,0,0,0,0,0,0.0,-3.656382278079462,13.35326319467504,40.44,706.778282165527,2844.49870474551,OM,-0.056,0.35802961807276834
GHSL_226,0,1,113,41,0,0,0,0,0,0,0,0.0,-3.6625372590704544,13.411652558440878,44.72,769.773111343384,2303.66154128476,OM,-0.169,0.35802961807276834
GHSL_227,0,11,134,4,0,0,0,0,0,0,0,0.0,-3.666460820930303,13.94259437016011,31.51,750.21907043457,2304.22585395649,OM,-0.547,0.3768321895997766
GHSL_228,0,0,106,67,0,0,0,0,0,0,0,0.0,-3.704174179729572,13.514744852526713,35.87,864.399120330811,2802.41441128103,OM,-0.068,0.35802961807276834
GHSL_229,0,1,121,26,0,0,0,0,0,0,0,0.0,-3.7415201197955796,13.593967952557456,26.47,740.368883132935,2541.49806095504,OM,-0.258,0.35802961807276834
GHSL_230,0,5,139,11,0,0,0,0,0,0,0,0.0,-3.811542669939006,13.424721091641278,34.5,772.8463306427,3110.75913043515,OM,-0.426,0.35802961807276834
GHSL_231,0,42,181,2,0,0,0,0,0,0,0,0.0,-3.873586054109307,13.437613187873994,30.9,1122.95239448547,3449.84576257872,OM,-0.712,0.35802961807276834
GHSL_232,0,0,66,65,0,0,0,0,0,0,0,0.0,-3.887762176030888,13.595381008731975,19.49,658.445858955383,2260.80488853121,OM,0.018,0.3768321895997766
GHSL_233,0,11,117,3,0,0,1,0,0,0,0,0.0,-3.9195731850535136,13.52610087002628,27.19,654.663686752319,2939.45512110634,OM,-0.563,0.35802961807276834
GHSL_234,0,9,132,5,0,0,0,0,0,0,0,0.0,-3.9204986375296613,13.911080711522066,10.55,731.724200248718,2135.54809785407,OM,-0.516,0.3768321895997766
GHSL_235,0,20,159,3,0,0,0,0,0,0,0,0.0,-3.9372576149424154,14.129958524232856,31.01,908.466528892517,2164.63902425037,OM,-0.606,0.3768321895997766
GHSL_239,0,0,0,112,249,0,0,0,0,0,0,0.0,-4.262805251848885,15.309117897018401,2.11,1809.46714782715,17611.4142706839,OM,1.173,0.3204293994002423
GHSL_240,0,0,0,62,139,0,0,0,0,0,0,0.0,-4.269461260037204,15.306546892772303,2.81,1010.13656616211,19663.1738332576,OM,1.173,0.3204293994002423
GHSL_241,0,2,358,106,0,0,0,0,0,0,0,0.0,-4.270602656896094,15.356776235151559,3.73,2331.89633178711,17022.1351012257,OM,-0.204,0.5509349623713685
GHSL_242,0,8,171,10,0,0,0,0,0,0,0,0.0,-4.274999781270615,15.36481591049349,4.53,945.568893432617,15776.8360768949,OM,-0.459,0.5509349623713685
GHSL_243,0,0,33,160,2,0,0,0,0,0,0,0.0,-4.279449478014024,15.414583286790922,8.85,973.218124389648,18944.5247292231,OM,0.309,0.5509349623713685
GHSL_244,0,2,133,22,0,0,0,0,0,0,0,0.0,-4.378044122354879,13.771568540047127,14.99,783.165744781494,2407.38521932846,OM,-0.305,0.14027473043994773
GHSL_245,0,116,273,1,0,0,0,0,0,0,1,12000000.0,3.18870446922972,18.62584333356672,87.49,1947.53792572021,13363.0064684626,AS,-0.817,0.2930612394750364
GHSL_246,0,4,566,164,0,0,0,0,0,0,0,0.0,2.84662422101596,18.39586718879591,65.73,3671.11856079102,14270.6260866512,AS,-0.208,0.2930612394750364
GHSL_247,0,7,267,26,0,0,0,0,0,0,0,0.0,1.6761795957623196,18.066366094522824,41.75,1502.03395080566,12501.5310351039,NC,-0.389,0.3318392681241085
GHSL_248,0,18,5959,2868,1,0,3,0,0,0,6,68041000.0,-4.750672957192037,11.917424672438003,1.64,44227.9103507996,1649.3466864885,OM,-0.117,0.5135000406614921
GHSL_251,0,0,144,79,0,0,1,0,0,0,0,0.0,-4.167655346512047,12.653287764095941,9.88,1119.82125759125,1575.5952797638,OM,-0.093,0.6888101852326468
GHSL_252,0,0,4,3332,2727,1,4,1,0,0,10,67264900.0,-4.202793695083501,12.674619823527971,6.53,30319.7817001343,1328.67143159758,OM,0.985,0.6888101852326468
GHSL_253,0,0,335,2506,46,0,0,0,0,0,1,2638400.0,-4.691941348667691,11.94373553096523,1.1,14433.6229372025,1144.34332347757,OM,0.378,0.5653151588548909
GHSL_254,0,0,0,510,959,0,0,0,0,0,2,24000000.0,-4.75648613360589,11.912223088456724,0.89,7362.6920747757,1493.97516581438,OM,1.141,0.5653151588548909
GHSL_255,0,0,22,1713,305,1,1,0,0,0,0,0.0,-4.18998440006871,13.283773105217726,1.9,10195.6232748032,1317.10198885139,OM,0.711,0.040194531185464864
GHSL_256,0,0,0,354,776,0,1,0,0,0,0,0.0,-4.708160173097809,11.870638131617616,4.95,5663.1889333725,2469.47551597475,OM,1.169,0.5653151588548909
GHSL_259,0,0,0,61,547,0,0,0,0,0,0,0.0,-4.737364343179986,11.94875381223,2.37,3105.8482503891,1649.92804978302,OM,1.411,0.5653151588548909
GHSL_260,0,2,114,18,0,0,0,0,0,0,0,0.0,-4.010002528591581,13.90717936363171,6.07,669.228819847107,2232.43706061915,OM,-0.316,0.3768321895997766
GHSL_261,0,0,0,56,123,0,0,0,0,0,0,0.0,-4.714897840153989,11.879418572242734,3.33,896.509293556213,2277.58939682287,OM,1.169,0.5653151588548909
GHSL_263,0,0,108,47,0,0,0,0,0,0,0,0.0,2.0591326997569834,18.051646387607626,36.03,779.973823547363,12986.5771486407,AS,-0.135,0.2930612394750364
GHSL_264,0,0,474,809,2,0,0,0,0,0,0,0.0,3.2892416835862806,16.799991597701244,115.57,6426.06932830811,14993.1622219041,OM,0.12,0.2930612394750364
GHSL_265,0,98,4174,474,0,0,1,0,0,0,0,0.0,2.812383572536183,18.0129938564418,23.73,23727.7392959595,13903.6976131532,AS,-0.365,0.2930612394750364
GHSL_266,0,0,35,1184,106,0,2,0,0,0,0,0.0,-4.173031573382662,13.277319123053207,0.68,6622.77992630005,1562.46098171958,OM,0.601,0.040194531185464864
GHSL_267,0,0,0,35,1240,0,0,0,0,0,1,12000000.0,-4.722174603464141,11.875384524134658,3.39,6964.89420127869,2338.91127694026,OM,1.609,0.5653151588548909
GHSL_268,0,0,308,589,1,0,0,0,0,0,0,0.0,1.5863844993374037,18.057515852046986,41.77,4492.43703460693,13773.9749768727,NC,0.141,0.3318392681241085
GHSL_269,0,2,977,619,0,0,1,0,0,0,0,0.0,1.5757128508708973,18.059241627543162,42.04,7987.3610458374,13685.3305196959,NC,-0.066,0.3318392681241085
GHSL_270,0,0,0,149,1344,0,0,0,0,0,0,0.0,-4.730749525772178,11.940779375399876,1.9,7625.27649116516,1740.52708442415,OM,1.411,0.5653151588548909
GHSL_271,0,14,3870,1688,0,0,1,0,0,0,0,0.0,2.0448182846039114,18.053019087151306,36.32,27859.5751342773,14495.6935263577,AS,-0.135,0.2930612394750364
GHSL_272,0,0,333,1996,27,1,0,0,0,0,0,0.0,-3.9923676262665233,13.920582883328537,8.01,11781.5895242691,2426.01488652891,OM,0.342,0.3768321895997766
GHSL_274,0,0,0,6,507,0,0,0,0,0,1,12000000.0,-4.284021324734438,15.264243426015902,3.79,3059.60313415527,21020.3988496041,OM,1.728,0.3204293994002423
GHSL_276,0,0,1,164,61,0,0,0,0,0,1,12000000.0,-4.8669979058012,11.93019263693888,0.53,1126.88786697388,1995.79878322774,OM,0.838,0.5653151588548909
GHSL_277,0,0,4,464,108,0,0,0,0,0,0,0.0,-4.826368711261417,11.868517490641622,6.07,2880.71956539154,2065.61537284816,OM,0.756,0.5135000406614921
GHSL_278,0,0,0,12,70,0,0,0,0,0,0,0.0,-4.848444208451812,11.881462410624808,3.81,415.605385780334,1735.01455197601,OM,1.336,0.5653151588548909
GHSL_280,0,0,0,10656,216352,1,23,0,1,0,46,524590699.99999994,-4.2445278901186425,15.271978201407139,0.65,1197167.83307843,21194.4573488722,OM,1.533,0.5135000406614921
GHSL_281,0,0,0,5659,32094,1,27,2,0,0,217,531251699.99999994,-4.80012733190589,11.884109598877819,6.22,190923.30509758,2053.46067939946,OM,1.336,0.5135000406614921
GHSL_282,0,0,0,83,199,0,0,0,0,0,0,0.0,-4.871281263607364,11.900083941927573,1.12,1412.42152404785,1942.3405975836,OM,1.185,0.5653151588548909
GHSL_283,0,0,109,15996,4411,1,2,0,0,0,0,0.0,1.6138851952091093,18.055112839106148,41.06,102578.798667908,13612.8181742288,NC,0.786,0.3318392681241085
GHSL_284,0,0,1,187,50,0,0,0,0,0,0,0.0,-4.8906193732988354,11.917907599294924,0.04,1189.1530752182,1957.98864416977,OM,0.779,0.5653151588548909
GHSL_285,0,94,341,2,0,0,0,0,0,0,0,0.0,3.4452112264699077,16.95679039589196,99.87,2186.21712493896,15005.9518493992,OM,-0.741,0.2930612394750364
GHSL_286,0,17,608,60,0,0,0,0,0,0,0,0.0,3.2433316158995367,18.633717048156743,87.78,3422.33512878418,13308.19384346,AS,-0.388,0.2930612394750364
GHSL_287,0,85,286,2,0,0,0,0,0,0,0,0.0,3.0625337678209554,18.442232307425133,68.53,1863.74150085449,12076.1831691062,AS,-0.754,0.2930612394750364
GHSL_288,0,26,156,2,0,0,0,0,0,0,0,0.0,2.894740132364812,18.428593332061176,68.82,922.662956237793,15371.3112242864,AS,-0.655,0.2930612394750364
GHSL_289,0,4,261,46,0,0,0,0,0,0,0,0.0,2.5045515276591583,17.311446542018825,50.66,1553.80788421631,12075.9142318824,AS,-0.294,0.2930612394750364
GHSL_290,0,27,510,28,0,0,0,0,0,0,0,0.0,2.4156385247889056,17.79408461128581,3.71,2822.65300750732,13162.2896129975,AS,-0.477,0.2930612394750364
GHSL_291,0,68,310,3,0,0,0,0,0,0,0,0.0,2.4054165876309863,17.532499945004243,25.14,1902.34958648682,13860.6725525094,AS,-0.7,0.2930612394750364
GHSL_292,0,206,247,0,0,0,0,0,0,0,0,0.0,2.372754796909442,17.961183184055244,22.66,2263.69366455078,12566.4416422453,AS,-0.943,0.2930612394750364
GHSL_293,0,0,38,125,1,0,0,0,0,0,0,0.0,2.14869889114387,13.946748412658776,225.27,819.41396522522,2122.28429221761,AS,0.238,0.3176590953419139
GHSL_294,0,6,574,127,0,0,1,0,0,0,0,0.0,2.0588105734974387,14.131890102782583,202.51,3532.60766983032,2287.36575358089,AS,-0.255,0.3176590953419139
GHSL_295,0,0,123,90,0,0,0,0,0,0,0,0.0,2.0539287230551895,16.085681055518904,75.73,1065.24770069122,2035.32366672632,AS,-0.04,0.4544581984672556
GHSL_296,0,7,95,4,0,0,1,0,0,0,0,0.0,2.0122906877100197,14.890059199847927,127.75,529.23309135437,2372.11500970108,AS,-0.525,0.4951420713206518
GHSL_297,0,45,443,12,0,0,0,0,0,0,0,0.0,1.9956923175579715,18.0744033772748,39.22,2498.26126098633,12658.2047343541,AS,-0.574,0.2930612394750364
GHSL_298,0,72,259,2,0,0,0,0,0,0,0,0.0,1.9671341246535792,18.07189546998466,39.26,1665.69258880615,12132.1275842425,AS,-0.741,0.2930612394750364
GHSL_299,0,138,104,0,0,0,0,0,0,0,0,0.0,1.93343533542817,17.34450140153694,40.93,1213.20892333984,12853.0148355229,AS,-1.031,0.31741322977612474
GHSL_300,0,18,791,93,0,0,0,0,0,0,0,0.0,1.9269496591618742,18.0669810743469,39.13,4511.96417236328,13482.2735153194,NC,-0.359,0.2930612394750364
GHSL_301,0,173,137,0,0,0,0,0,0,0,0,0.0,1.90644706774541,17.351415743238608,39.88,1554.34920501709,12938.4620924725,AS,-1.021,0.31741322977612474
GHSL_302,0,155,327,1,0,0,0,0,0,0,0,0.0,1.7766462365001927,18.05704674429201,39.66,2413.55065155029,11718.0855839271,NC,-0.838,0.3318392681241085
GHSL_303,0,125,267,1,0,0,0,0,0,0,0,0.0,1.7079673636941464,17.002459972396224,76.4,1964.10113525391,12714.6037912291,NC,-0.835,0.31741322977612474
GHSL_304,0,48,792,38,0,0,1,0,0,0,0,0.0,1.6517344332244885,14.573536615012769,137.56,4388.67718887329,2446.80207983623,AS,-0.496,0.4951420713206518
GHSL_305,0,18,190,5,0,0,0,0,0,0,0,0.0,1.6407173365941503,14.592224363782506,135.16,1070.559217453,2398.93699122717,AS,-0.565,0.4951420713206518
GHSL_306,0,55,85,0,0,0,0,0,0,0,0,0.0,1.576116710749815,15.532050407984544,41.66,702.827226638794,2481.39284010604,NC,-0.896,0.4544581984672556
GHSL_307,0,0,247,204,0,0,2,0,0,0,0,0.0,1.5678568489325844,15.947652460273805,20.09,2256.64505767822,2480.38032363033,NC,-0.016,0.4544581984672556
GHSL_308,0,205,110,0,0,0,0,0,0,0,0,0.0,1.5423429591513325,18.008435385753483,36.76,1576.09294891357,11476.850670756,NC,-1.094,0.3318392681241085
GHSL_309,0,2,555,220,0,0,0,0,0,0,0,0.0,1.4293313737092195,16.18324311994858,34.99,3888.44445705414,2049.95587776855,NC,-0.152,0.4544581984672556
GHSL_310,0,56,204,1,0,0,0,0,0,0,0,0.0,1.3860934149892505,17.967174097835166,33.85,1310.08367156982,11741.3103860926,NC,-0.74,0.3318392681241085
GHSL_311,0,80,205,1,0,0,0,0,0,0,0,0.0,1.2737339508318115,17.94044776731071,32.1,1428.00538635254,12796.6645131599,NC,-0.803,0.3318392681241085
GHSL_312,0,9,496,67,0,0,0,0,0,0,0,0.0,0.9690087424518393,17.067041511116503,61.4,2858.52021789551,13873.6178309819,NC,-0.338,0.31741322977612474
GHSL_313,0,51,304,4,0,0,0,0,0,0,0,0.0,0.8525672393207673,17.07561103905692,59.21,1796.98464202881,13954.4526657256,NC,-0.655,0.31741322977612474
GHSL_314,7,508,81,0,0,0,0,0,0,0,0,0.0,0.6612688079402061,17.166134610547896,47.15,2981.30178070068,12861.8036657421,NC,-1.307,0.31741322977612474
GHSL_315,0,40,539,20,0,0,0,0,0,0,0,0.0,0.5794261780055512,17.86627982700546,31.28,3000.54156494141,13442.6843104763,NC,-0.528,0.3318392681241085
GHSL_316,0,54,71,0,0,0,0,0,0,0,0,0.0,0.5615800152569743,14.65700759875918,128.05,623.145826339722,3820.28523642658,OM,-0.926,0.37694208220008196
GHSL_317,0,33,116,1,0,0,0,0,0,0,0,0.0,0.5232959338956668,14.443409630556586,151.27,746.572319030762,3780.97449561045,OM,-0.746,0.37694208220008196
GHSL_318,0,50,375,7,0,0,0,0,0,0,0,0.0,0.36218687734262617,17.414988646739534,16.39,2162.41734313965,13255.4669360136,NC,-0.619,0.31741322977612474
GHSL_319,0,4,188,23,0,0,0,0,0,0,0,0.0,0.31824670270865124,17.910510073699854,38.98,1075.14619445801,15652.6059058061,NC,-0.352,0.3318392681241085
GHSL_320,0,130,285,1,0,0,0,0,0,0,0,0.0,0.25419120714623405,17.813428678937413,28.91,2082.24133300781,17322.5627517205,NC,-0.831,0.3318392681241085
GHSL_321,0,43,394,10,0,0,0,0,0,0,0,0.0,0.12323134477559217,17.76139403892177,24.54,2233.31353759766,15300.6504268074,NC,-0.585,0.3318392681241085
GHSL_322,0,10,656,104,0,0,0,0,0,0,0,0.0,0.09805337492780272,17.48165585798705,6.18,3849.79423522949,13187.6592374368,NC,-0.311,0.31741322977612474
GHSL_323,0,18,188,5,0,0,0,0,0,0,0,0.0,0.010336926245241816,16.352482585383928,76.53,1056.11215019226,1808.88202099221,OM,-0.563,0.6262036414812605
GHSL_324,0,4,129,12,0,0,0,0,0,0,0,0.0,-0.08626503440834564,14.762482652873516,118.31,728.082202911377,4711.0425428435,OM,-0.391,0.31831283999010174
GHSL_325,0,175,111,0,0,0,0,0,0,0,0,0.0,-0.10288141036582414,17.691142484619686,19.17,1430.86708831787,13887.5988849859,NC,-1.063,0.3318392681241085
GHSL_326,0,32,72,0,0,0,0,0,0,0,0,0.0,-0.16101988371632306,14.076908418402738,169.47,522.721282958984,4058.7101712787,OM,-0.826,0.31831283999010174
GHSL_327,0,228,182,0,0,0,0,0,0,0,0,0.0,-0.20827300467560309,17.640884052619775,14.89,2052.2580947876,15934.91804323,NC,-1.019,0.3318392681241085
GHSL_328,0,39,69,0,0,0,0,0,0,0,0,0.0,-0.23924354138857984,14.319705688003161,142.06,536.824449539185,4168.21530816977,OM,-0.869,0.31831283999010174
GHSL_329,0,7,96,4,0,0,0,0,0,0,0,0.0,-0.27654567941568564,14.256270403146715,145.78,535.158027648926,4155.27624542997,OM,-0.527,0.31831283999010174
GHSL_330,0,12,92,2,0,0,1,0,0,0,0,0.0,-0.30837803329614166,14.913470938044334,88.59,530.699966430664,4414.99423006442,OM,-0.621,0.23656312205845592
GHSL_331,0,15,135,3,0,0,0,0,0,0,0,0.0,-0.43605633722900805,14.894664565991095,79.0,763.87699508667,4448.38688030905,OM,-0.585,0.23656312205845592
GHSL_332,0,18,96,1,0,0,0,0,0,0,0,0.0,-0.46110147351064434,14.374492727704869,124.38,571.825309753418,4439.98221720179,OM,-0.671,0.5135000406614921
GHSL_333,0,4,136,12,0,0,0,0,0,0,0,0.0,-0.4710463399650755,14.501444704445769,111.38,761.686153411865,4669.08279948916,OM,-0.398,0.31831283999010174
GHSL_334,0,0,116,121,0,0,1,0,0,0,0,0.0,-0.5100912993457541,15.92799596470412,4.65,1188.71162223816,1821.67975749715,OM,0.028,0.4291905547074027
GHSL_335,0,2,185,34,0,0,0,0,0,0,0,0.0,-0.515255531481262,14.940236205353186,69.15,1107.56223678589,4299.8929093818,OM,-0.285,0.23656312205845592
GHSL_336,0,4,113,8,0,0,0,0,0,0,0,0.0,-0.5158242948384798,14.574908657384341,101.81,625.706809997559,4286.92566591223,OM,-0.432,0.31831283999010174
GHSL_337,0,2,588,259,0,0,1,0,0,0,0,0.0,-0.5519852152944816,14.989739970165429,62.37,4246.97827339172,3989.49618933222,OM,-0.133,0.23656312205845592
GHSL_338,0,4,122,11,0,0,0,0,0,0,0,0.0,-0.5589507599578243,14.616473110578106,95.46,684.712860107422,4430.93807097277,OM,-0.395,0.31831283999010174
GHSL_339,0,6,218,21,0,0,0,0,0,0,0,0.0,-0.5980453041730075,14.85907231085275,70.12,1224.35166549683,4194.56530027348,OM,-0.394,0.23656312205845592
GHSL_340,0,41,226,3,0,0,0,0,0,0,0,0.0,-0.6747620129537786,14.834335281730056,68.04,1350.4109916687,4139.4445381133,OM,-0.671,0.23656312205845592
GHSL_341,0,68,104,0,0,0,0,0,0,0,0,0.0,-0.6911310544263298,14.576411642658076,93.8,857.015354156494,4340.30717964343,OM,-0.897,0.23656312205845592
GHSL_342,0,6,170,15,0,0,0,0,0,0,0,0.0,-0.7319961342518533,14.714876503977669,77.74,952.680763244629,4268.09176669786,OM,-0.408,0.23656312205845592
GHSL_343,0,7,179,13,0,0,0,0,0,0,0,0.0,-0.8884828790367885,15.164917834943232,24.74,994.621202468872,2758.46909745368,OM,-0.439,0.5135000406614921
GHSL_344,0,3,273,50,0,0,0,0,0,0,0,0.0,-0.8991442368509677,14.839520352661841,59.56,1629.90460968018,4127.28117718006,OM,-0.287,0.23656312205845592
GHSL_345,0,0,30,127,1,0,0,0,0,0,0,0.0,-0.9272453664046614,15.72139132641408,0.46,789.142738342285,1641.44841156146,OM,0.285,0.4291905547074027
GHSL_346,0,0,86,939,27,0,1,0,0,0,0,0.0,-1.026093902719523,15.34959979709404,1.12,5260.9971780777,1711.77321215512,OM,0.437,0.3732706832673951
GHSL_347,0,1,122,35,0,0,0,0,0,0,0,0.0,-1.0244019337370944,16.31144356918825,37.52,790.976631164551,1279.64898590007,OM,-0.21,0.17342433426795067
GHSL_348,0,14,323,22,0,0,1,0,0,0,0,0.0,-1.0374793136675462,17.11087055559463,21.28,1790.60814857483,1668.78232536326,AS,-0.445,0.5135000406614921
GHSL_349,0,0,39,75,0,0,0,0,0,0,0,0.0,-1.0520670279109126,15.338082449756564,3.37,568.46023273468,1742.7166599263,OM,0.143,0.3732706832673951
GHSL_350,0,2,113,16,0,0,0,0,0,0,0,0.0,-1.0593459949698287,14.880021418843203,53.45,656.284824371338,4497.31939292896,AS,-0.332,0.23656312205845592
GHSL_351,0,0,150,147,0,0,0,0,0,0,0,0.0,-1.1017600245906498,14.914339305060803,50.18,1481.84226608276,4542.85287831327,AS,0.016,0.23656312205845592
GHSL_352,0,0,10,223,14,0,1,0,0,0,0,0.0,-1.1399002350202168,15.96694829510171,2.28,1230.08176231384,1685.87490038079,OM,0.543,0.4291905547074027
GHSL_353,0,0,81,61,0,0,0,0,0,0,0,0.0,-1.170471693915416,16.00373654230278,0.27,709.825643539429,1722.74397022423,OM,-0.035,0.4291905547074027
GHSL_354,0,0,275,303,0,0,2,0,0,0,0,0.0,-1.2241308828540738,16.792828355993816,5.21,2896.44838428497,1645.97116830233,AS,0.038,0.17342433426795067
GHSL_355,0,0,268,433,1,0,1,0,0,0,0,0.0,-1.2679205836333758,15.898065309335243,3.01,3512.11976575851,872.382139468708,OM,0.11,0.248899246331529
GHSL_356,0,1,109,24,0,0,0,0,0,0,0,0.0,-1.2594317301900013,15.137589148694031,34.2,669.135604858398,1771.62481164322,OM,-0.258,0.14672579695065
GHSL_357,0,0,33,184,2,0,0,0,0,0,0,0.0,-1.3340661289538234,15.52239520992597,1.28,1095.29490852356,1012.67669318662,OM,0.331,0.248899246331529
GHSL_358,0,5,440,87,0,1,0,0,0,0,0,0.0,-1.4645259337905518,15.074144190146068,51.64,2656.48203420639,1381.71907206854,OM,-0.275,0.5135000406614921
GHSL_359,0,2,199,37,0,0,0,0,0,0,0,0.0,-1.584462543793658,14.951921777844216,70.11,1196.15814828873,1659.09098867741,AS,-0.283,0.5135000406614921
GHSL_360,0,10,224,15,0,0,0,0,0,0,0,0.0,-1.5927264296516432,16.009860822199514,13.36,1244.29255247116,889.397255147078,OM,-0.447,0.3687227587777978
GHSL_361,0,1,103,21,0,0,0,0,0,0,0,0.0,-1.603116989258154,15.878871760499747,0.53,627.562835216522,974.994617145215,OM,-0.271,0.3687227587777978
GHSL_362,0,2,103,14,0,0,0,0,0,0,0,0.0,-1.6246093961669947,14.621785429691089,96.23,591.667167663574,1863.31910177674,AS,-0.339,0.14672579695065
GHSL_363,0,1,107,28,0,0,0,0,0,0,0,0.0,-2.002236452136718,15.134209049985115,42.19,678.780897140503,1198.52686721634,AS,-0.226,0.43200455692630063
GHSL_364,0,2,170,38,0,0,1,0,0,0,0,0.0,-2.0002953469972087,16.307638820554033,13.3,1045.45918989182,786.027036394597,OM,-0.254,0.3687227587777978
GHSL_365,0,0,35,300,7,0,1,0,0,0,0,0.0,-2.289301762382878,12.804127793485444,99.12,1705.10674667358,1929.64616315702,OM,0.401,0.4570857299209934
GHSL_366,0,24,552,36,0,0,1,0,0,0,0,0.0,-2.3240512364390935,14.588346179966022,30.85,3058.69859695435,1250.9937963384,AS,-0.45,0.14995860817721446
GHSL_367,0,6,101,5,0,0,0,0,0,0,0,0.0,-2.448522687069374,14.528046629632092,29.48,559.077251911163,972.771811108535,AS,-0.485,0.14995860817721446
GHSL_368,0,23,119,1,0,0,0,0,0,0,0,0.0,-2.455657135742939,12.166081270684025,34.74,720.063687324524,1645.9426241423,OM,-0.681,0.4285067072917054
GHSL_369,0,0,77,690,16,0,1,0,0,0,0,0.0,-2.4862782273094832,15.746328756721507,4.93,3913.64485645294,1099.3785886712,OM,0.406,0.43200455692630063
GHSL_370,0,8,147,7,0,0,0,0,0,0,0,0.0,-2.5133132936379,15.009384405035323,7.14,814.314984321594,1116.83099628543,AS,-0.486,0.43200455692630063
GHSL_371,0,24,547,36,0,0,1,0,0,0,0,0.0,-2.539274399136795,13.543669833748822,137.67,3029.95988845825,3882.02500798812,OM,-0.45,0.23132084500393246
GHSL_372,0,0,78,42,0,0,0,0,0,0,0,0.0,-2.5876110610707928,13.595144996274566,132.13,600.436309814453,4117.96466483175,OM,-0.098,0.23132084500393246
GHSL_373,0,0,7,228,20,0,1,0,0,0,0,0.0,-2.612817780117121,16.211307816816902,27.91,1276.78822994232,836.302621423064,OM,0.598,0.43200455692630063
GHSL_374,0,0,145,102,0,0,1,0,0,0,0,0.0,-2.671680250349185,12.67492702283682,59.77,1238.74973011017,1458.85782167032,OM,-0.047,0.2617609294720658
GHSL_375,0,14,182,7,0,0,0,0,0,0,0,0.0,-2.8180911690680492,13.603387978477935,121.37,1014.7184753418,3198.1249614707,OM,-0.529,0.3730462810131978
GHSL_376,0,7,215,18,0,0,0,0,0,0,0,0.0,-2.837918393106204,13.831046857409516,111.26,1197.18993186951,3405.21917619144,OM,-0.416,0.15177764837239557
GHSL_377,0,0,120,64,0,0,0,0,0,0,0,0.0,-2.855573945239367,15.549645130789383,0.71,917.923655986786,1049.47539700084,OM,-0.098,0.43200455692630063
GHSL_378,0,23,137,2,0,0,0,0,0,0,0,0.0,-2.865985270422147,13.757347568804729,114.63,811.773973464966,3155.58395904749,OM,-0.655,0.15177764837239557
GHSL_379,0,1,181,49,0,0,0,0,0,0,0,0.0,-2.944146170362227,12.349719261144138,12.85,1153.76174259186,1345.65167085591,OM,-0.221,0.2617609294720658
GHSL_380,0,103,70,0,0,0,0,0,0,0,0,0.0,-2.9932116508437434,13.205362359363347,78.54,868.079488754272,3265.9860220858,OM,-1.051,0.3730462810131978
GHSL_381,0,19,170,4,0,0,0,0,0,0,0,0.0,-3.0026828787233537,13.576825432105622,101.81,962.251918792725,3507.15797320651,OM,-0.588,0.3730462810131978
GHSL_382,0,22,165,3,0,0,1,0,0,0,0,0.0,-3.065150843235884,14.076964170983107,98.55,954.426952362061,3274.01224070741,OM,-0.621,0.15177764837239557
GHSL_383,0,4,211,26,0,0,1,0,0,0,0,0.0,-3.124819387071317,13.872690356686238,86.71,1209.56015014648,3919.15234569282,OM,-0.351,0.15177764837239557
GHSL_384,0,7,94,4,0,0,0,0,0,0,0,0.0,-3.1828389391231884,13.825362645435309,79.82,524.51255607605,3823.86967861345,OM,-0.528,0.15177764837239557
GHSL_385,0,0,181,125,0,0,0,0,0,0,0,0.0,-3.433434881947492,12.657077019551874,0.75,1531.08633041382,2053.38807006498,OM,-0.05,0.35802961807276834
GHSL_386,0,3,133,18,0,0,0,0,0,0,0,0.0,-3.450268138792359,11.986322983908181,54.94,768.437888145447,1358.57623164925,OM,-0.336,0.5135000406614921
GHSL_387,0,3,110,12,0,0,0,0,0,0,0,0.0,-3.460470217698994,12.611969935074512,4.94,624.563096523285,1868.66258721026,OM,-0.375,0.5135000406614921
GHSL_388,0,16,156,4,0,0,0,0,0,0,1,6911400.0,-3.470212839503286,13.446678421463305,59.84,881.082799911499,2855.83689845553,OM,-0.575,0.35802961807276834
GHSL_389,0,2,89,12,0,0,0,0,0,0,0,0.0,-3.4739919081050794,13.404297315164499,58.38,516.351238250732,2869.09617297734,OM,-0.334,0.35802961807276834
GHSL_390,0,2,138,20,0,0,1,0,0,0,0,0.0,-3.481120910072102,12.315647008657942,30.55,803.224461078644,794.280858610688,OM,-0.326,0.12080010666539906
GHSL_391,0,0,23,221,5,0,0,0,0,0,0,0.0,-3.4858000324150797,12.606340581924917,7.31,1249.73711109161,953.117434348131,OM,0.415,0.2617609294720658
GHSL_392,0,0,136,158,0,0,0,0,0,0,1,1819900.0,-3.5040894831107203,13.380632237245887,54.18,1473.23603057861,2963.8997919338,OM,0.048,0.35802961807276834
GHSL_393,0,0,19,342,17,0,0,0,0,0,1,12000000.0,-3.5321988612304964,13.345144413196008,48.75,1889.53394508362,2656.50973855131,OM,0.511,0.35802961807276834
GHSL_394,0,19,144,3,0,0,0,0,0,0,0,0.0,-3.6171694172428683,13.459125198199251,46.84,829.881351470947,2690.19252690884,OM,-0.613,0.35802961807276834
GHSL_395,0,20,141,3,0,0,0,0,0,0,0,0.0,-3.649033217333676,13.666379562086666,30.34,818.979579925537,2986.82645288493,OM,-0.629,0.35802961807276834
GHSL_396,0,6,132,9,0,0,0,0,0,0,0,0.0,-3.6585230958695707,13.559905547324753,35.71,734.980844497681,2599.45690977591,OM,-0.443,0.35802961807276834
GHSL_397,0,5,315,46,0,0,0,0,0,0,0,0.0,-3.666318922720467,13.36199983862772,40.39,1833.14625358582,2815.16636810441,OM,-0.326,0.35802961807276834
GHSL_398,0,0,45,143,1,0,0,0,0,0,0,0.0,-3.684430759457652,13.627551636906391,28.89,941.901187896729,2748.31112248112,OM,0.233,0.35802961807276834
GHSL_399,0,0,165,523,3,0,1,0,0,0,0,0.0,-3.686862340759314,13.643447047942638,27.63,3452.43727302551,2668.5134220552,OM,0.233,0.35802961807276834
GHSL_400,0,3,626,226,0,0,0,0,0,0,1,12000000.0,-3.707420076341158,14.15562046170789,45.42,4274.1557264328,2277.85863851093,OM,-0.169,0.3768321895997766
GHSL_401,0,0,266,261,0,0,1,0,0,0,0,0.0,-3.7081769813512406,13.37745428868814,38.5,2640.26288795471,2727.02594543466,OM,0.016,0.35802961807276834
GHSL_402,0,4,102,7,0,0,0,0,0,0,0,0.0,-3.7069303220332936,13.552460155007536,32.49,564.007396697998,2742.79974273458,OM,-0.443,0.35802961807276834
GHSL_403,0,40,244,4,0,0,1,0,0,0,0,0.0,-3.718392144316569,13.862727530704545,22.62,1437.09273529053,2096.59887851676,OM,-0.651,0.3768321895997766
GHSL_404,0,66,86,0,0,0,0,0,0,0,1,12000000.0,-3.7487175931727355,13.346983673497734,32.98,764.441278457642,2624.23844448931,OM,-0.927,0.35802961807276834
GHSL_405,0,9,117,4,0,0,0,0,0,0,0,0.0,-3.765516748213346,13.433162698226093,38.69,650.517110824585,3037.31579700985,OM,-0.53,0.35802961807276834
GHSL_406,0,1,102,19,0,0,0,0,0,0,0,0.0,-3.7779692807756673,12.724390661725069,19.75,613.656490325928,1193.83776959248,OM,-0.285,0.26875480129698515
GHSL_407,0,12,474,51,0,0,0,0,0,0,0,0.0,-3.801915649250708,14.097939694881303,35.05,2683.58975410461,2286.47675736263,OM,-0.372,0.3768321895997766
GHSL_408,0,19,117,2,0,0,0,0,0,0,0,0.0,-3.8139404378613815,13.87587883061114,13.74,691.396102905273,1921.53752468018,OM,-0.651,0.3768321895997766
GHSL_409,0,31,190,3,0,0,0,0,0,0,1,12000000.0,-3.8373999516605712,13.322111984068194,24.25,1117.23923683167,3105.04659860835,OM,-0.65,0.35802961807276834
GHSL_410,0,2,165,31,0,0,0,0,0,0,0,0.0,-3.8566096111591786,14.001593126054145,22.61,989.436368942261,2026.44557418407,OM,-0.281,0.3768321895997766
GHSL_411,0,6,158,12,0,0,0,0,0,0,0,0.0,-3.885346542012291,14.223266319440116,37.7,877.224592208862,2133.49431913199,OM,-0.432,0.3768321895997766
GHSL_412,0,0,96,65,0,0,0,0,0,0,0,0.0,-3.8932635001463844,13.776543278184091,1.2,808.407189369202,2194.74284317448,OM,-0.054,0.3768321895997766
GHSL_413,0,0,103,67,0,0,1,0,0,0,0,0.0,-3.9096558119462648,13.747305460922586,2.64,852.266544342041,2426.68560429503,OM,-0.06,0.3768321895997766
GHSL_414,0,0,103,70,0,0,2,0,0,0,0,0.0,-3.9376973773622628,12.821277370479763,23.97,863.805460453033,1108.27283591157,OM,-0.052,0.26875480129698515
GHSL_415,0,11,142,5,0,0,0,0,0,0,0,0.0,-3.9354886846341346,13.716957468138819,6.91,789.751462936401,2049.02570479983,OM,-0.531,0.3768321895997766
GHSL_416,0,1,229,76,0,0,0,0,0,0,0,0.0,-3.9533771533677147,13.813682206205682,0.76,1532.61752319336,2323.8906804245,OM,-0.185,0.3768321895997766
GHSL_417,0,2,188,37,0,0,0,0,0,0,0,0.0,-3.942302162581473,13.960287644515935,14.46,1132.7823009491,2066.48563175961,OM,-0.276,0.3768321895997766
GHSL_418,0,2,134,21,0,0,0,0,0,0,0,0.0,-3.95460236609076,14.031626389311315,21.21,787.311002731323,2298.04729343644,OM,-0.313,0.3768321895997766
GHSL_419,0,9,190,11,0,0,0,0,0,0,0,0.0,-3.971983336309293,13.573379639505262,23.18,1052.18809509277,1780.39729450455,OM,-0.463,0.3768321895997766
GHSL_420,0,0,112,45,0,0,0,0,0,0,0,0.0,-3.971451026994398,14.045547973970761,21.99,785.812722206116,2133.65025918385,OM,-0.149,0.3768321895997766
GHSL_421,0,2,102,15,0,0,0,0,0,0,0,0.0,-4.020847450272793,14.012002321993474,16.84,593.657715797424,1980.34431089125,OM,-0.328,0.3768321895997766
GHSL_422,0,3,193,35,0,0,0,0,0,0,0,0.0,-4.035977867517949,13.933921359869606,8.68,1149.83282470703,2097.78457874243,OM,-0.29,0.3768321895997766
GHSL_423,0,5,94,5,0,0,0,0,0,0,0,0.0,-4.035381038092602,13.773506661592636,8.66,520.263026237488,2024.93065683441,OM,-0.488,0.3768321895997766
GHSL_424,0,12,121,3,0,0,0,0,0,0,0,0.0,-4.10438255084031,13.878561862795047,2.13,679.017972946167,1933.8409591659,OM,-0.572,0.3768321895997766
GHSL_425,0,0,133,148,0,0,0,0,0,0,0,0.0,-4.113502911979828,13.060003334094398,1.05,1406.89336299896,1392.20283864557,OM,0.039,0.26875480129698515
GHSL_426,0,54,130,1,0,0,0,0,0,0,0,0.0,-4.117160583333301,12.832707507739782,7.27,922.639803409576,913.005766560827,OM,-0.814,0.6888101852326468
GHSL_427,0,1,184,89,0,0,1,0,0,0,0,0.0,-4.143236319037869,12.910883112307786,4.14,1369.92443561554,1249.85806998089,OM,-0.115,0.26875480129698515
GHSL_428,0,0,238,2276,56,1,0,0,0,0,0,0.0,-4.182042251118177,13.53785078524723,2.88,12852.2355065346,1344.89548751825,OM,0.417,0.33803019330236583
GHSL_429,0,0,62,635,17,0,1,0,0,0,0,0.0,-4.1616248682032015,13.049385954952035,0.91,3566.66336297989,1254.57922885512,OM,0.428,0.26875480129698515
GHSL_430,0,19,216,7,0,0,1,0,0,0,0,0.0,-4.155809092289638,13.963862734713489,0.9,1209.15364646912,2206.35591802872,OM,-0.555,0.3768321895997766
GHSL_431,0,0,88,33,0,0,0,0,0,0,0,0.0,-4.178237000560018,13.615867375734545,2.66,610.011509895325,1130.76286106398,OM,-0.161,0.33803019330236583
GHSL_432,0,0,41,80,0,0,0,0,0,0,0,0.0,-4.268626253480042,12.466081405804486,22.25,604.030547142029,979.831015504602,OM,0.147,0.15856071384102038
GHSL_433,0,1,146,38,0,0,0,0,0,0,0,0.0,-4.305409772958678,13.849398585812393,3.23,927.623873233795,1217.3254086305,OM,-0.228,0.33803019330236583
GHSL_434,0,6,103,5,0,0,0,0,0,0,0,0.0,-4.30609558658142,13.784224185461627,8.76,568.297773361206,2288.7730604403,OM,-0.492,0.33803019330236583
GHSL_435,0,12,150,5,0,0,0,0,0,0,0,0.0,-4.332489850528908,13.616832289156875,14.38,837.294998168945,2274.49792099093,OM,-0.542,0.2896871846696276
GHSL_436,0,0,62,62,0,0,0,0,0,0,1,12000000.0,-4.356726755044875,12.36242876392982,13.74,622.358351230621,908.711527903605,OM,0.019,0.15856071384102038
GHSL_437,0,1,147,36,0,0,0,0,0,0,0,0.0,-4.389265239857788,13.861758231018651,10.24,922.477657318115,2394.52207638805,OM,-0.236,0.14027473043994773
GHSL_438,0,0,281,210,0,1,1,0,0,0,0,0.0,-4.39772344898067,13.816103712530394,13.17,2459.14615631104,2455.15212279444,OM,-0.035,0.14027473043994773
GHSL_439,0,0,40,108,0,0,1,0,0,0,1,12000000.0,-4.430045542125585,11.701941416612483,38.2,741.244057655334,1292.44674580718,OM,0.203,0.5653151588548909
GHSL_440,0,0,107,166,0,0,0,0,0,0,0,0.0,-4.440877847506155,13.618095626863136,26.36,1364.90046882629,2344.8674904245,OM,0.102,0.2896871846696276
GHSL_441,0,2,145,28,0,0,0,0,0,0,1,9726000.0,-4.51221887060245,12.230082270351211,0.66,873.183520793915,879.477058625438,OM,-0.276,0.15856071384102038
GHSL_442,0,19,128,2,0,0,0,0,0,0,0,0.0,-4.529381418421149,12.071517988606102,0.15,745.538248538971,757.441440780842,OM,-0.634,0.5653151588548909
GHSL_443,0,0,144,111,0,0,0,0,0,0,2,5712700.0,-4.531841807798687,12.099461005856751,1.34,1275.99647140503,674.581106392747,OM,-0.03,0.5653151588548909
GHSL_444,0,0,10,288,23,0,1,0,0,0,1,12000000.0,-4.6156821678743265,12.040623198361683,2.41,1604.23652172089,909.973817560635,OM,0.584,0.5653151588548909
GHSL_445,0,0,21,142,2,0,1,0,0,0,1,2851300.0,-4.627942915497922,11.84778525231612,11.9,826.546721458435,1609.69603773942,OM,0.363,0.5653151588548909
GHSL_446,0,0,4,133,11,0,0,0,0,0,0,0.0,-4.620979721589561,12.023579532656488,1.63,738.326426029205,718.94370377542,OM,0.584,0.5653151588548909
GHSL_447,0,2,115,19,0,0,0,0,0,0,0,0.0,-4.624640720339072,13.62615535934553,24.08,682.451200485229,1944.98144792557,OM,-0.302,0.2896871846696276
GHSL_448,0,0,47,70,0,0,0,0,0,0,0,0.0,-4.656066907835534,12.198610884199383,14.38,584.512017726898,697.02095876499,OM,0.093,0.5653151588548909
GHSL_449,0,0,29,118,1,0,0,0,0,0,0,0.0,-4.66281983641374,11.786023464773551,15.19,741.599297523499,1375.64770608951,OM,0.276,0.5135000406614921
GHSL_450,0,0,96,936,23,0,0,0,0,0,1,12000000.0,-4.671415476847255,11.83516643168523,10.29,5275.42633771896,1284.38372524419,OM,0.42,0.5653151588548909
GHSL_451,0,0,3,129,14,0,0,0,0,0,0,0.0,-4.671110950072736,11.971499182930259,1.84,728.981729030609,1135.88364930172,OM,0.629,0.5653151588548909
GHSL_452,0,0,0,276,317,0,0,0,0,0,0,0.0,-4.698167017995098,11.863293799671464,5.81,2966.11063766479,2342.092800319,OM,1.049,0.5653151588548909
GHSL_453,0,0,0,247,283,0,0,0,0,0,0,0.0,-4.700868607996281,11.847298022430104,7.17,2652.49189472198,2198.43394336186,OM,1.049,0.5653151588548909
GHSL_454,0,1,187,49,0,0,0,0,0,0,0,0.0,-4.757599830379839,11.95294668806839,1.82,1186.94774150848,1491.68758075636,OM,-0.224,0.5653151588548909
GHSL_455,0,0,16,156,4,0,0,0,0,0,0,0.0,-4.764957545302454,11.937633368613795,0.11,879.452735900879,1389.02482831848,OM,0.416,0.5653151588548909
GHSL_456,0,0,0,29,209,0,0,0,0,0,0,0.0,-4.844672423758968,11.93394848239309,0.75,1211.82651042938,1573.90286438,OM,1.375,0.5653151588548909
GHSL_457,0,5,375,68,0,0,0,0,0,0,0,0.0,-4.859068403884429,11.953000697347301,2.63,2239.26776027679,1792.80542523142,OM,-0.288,0.5653151588548909
GHSL_458,0,0,60,83,0,0,0,0,0,0,0,0.0,-4.958823505974822,12.07922778161229,15.94,718.932491779327,977.295967307812,OM,0.08,0.5653151588548909
GHSL_459,0,0,239,482,1,0,0,0,0,0,0,0.0,-4.982731004827428,12.041708648635266,13.05,3613.45437192917,1035.48530498677,OM,0.151,0.5653151588548909
GHSL_460,0,0,74,92,0,0,0,0,0,0,0,0.0,-4.585701110526013,12.050688952234024,0.63,829.222561836243,888.939756819889,OM,0.061,0.5653151588548909
GHSL_461,0,1,422,287,0,0,0,0,0,0,0,0.0,3.1601752330804374,18.53544281306099,77.78,3549.73150634766,14787.8368396946,AS,-0.053,0.2930612394750364
GHSL_462,0,60,470,10,0,0,0,0,0,0,0,0.0,3.056289189101703,18.471375018505263,71.81,2696.08798217773,11230.3308264926,AS,-0.611,0.2930612394750364
GHSL_463,0,126,1264,35,0,0,0,0,0,0,0,0.0,2.621727805986806,18.335122647836638,61.38,7121.06867218018,15375.031138791,AS,-0.572,0.2930612394750364
GHSL_464,0,17,1188,198,0,0,0,0,0,0,0,0.0,2.5959148396464573,17.170450652420055,67.29,7017.47386169434,15437.2353039268,AS,-0.303,0.2930612394750364
GHSL_465,0,61,305,3,0,0,0,0,0,0,0,0.0,2.4493241423904717,18.213147593948506,49.73,1844.69874572754,14336.665467689,AS,-0.685,0.2930612394750364
GHSL_466,0,4,187,23,0,0,0,0,0,0,0,0.0,2.336872009595883,18.15534283392032,44.54,1069.33695983887,12464.5874791802,AS,-0.353,0.2930612394750364
GHSL_467,0,34,627,33,0,0,0,0,0,0,0,0.0,1.8978374645649072,18.059133536501417,38.57,3467.67710876465,12245.7900603682,NC,-0.482,0.5135000406614921
GHSL_468,0,42,424,12,0,0,0,0,0,0,0,0.0,0.6065524451091238,17.855571533188574,29.81,2389.97174072266,13256.6311158591,NC,-0.572,0.3318392681241085
GHSL_469,0,3,237,48,0,0,0,0,0,0,0,0.0,-0.3433156475667273,17.13248615200797,22.68,1439.21118545532,12894.077885783,AS,-0.271,0.5135000406614921
GHSL_470,0,6,374,56,0,0,0,0,0,0,0,0.0,-2.1033779928021734,12.874796665328892,118.79,2181.2797203064,1640.18326212978,OM,-0.322,0.4570857299209934
GHSL_471,0,0,7,890,230,0,0,0,0,0,0,0.0,-4.299592689575731,13.863150162698647,1.59,5634.65534257889,1290.39287654499,OM,0.775,0.5135000406614921
GHSL_472,0,0,376,1263,8,0,0,0,0,0,0,0.0,-4.793661783655465,11.94534224714695,0.78,8230.79660701752,1418.86605942621,OM,0.243,0.5653151588548909
GHSL_473,0,0,0,363,581,0,0,0,0,0,0,0.0,-4.827260047160667,11.939216856861176,0.98,4724.08889579773,1415.75001673663,OM,1.111,0.5653151588548909
GHSL_474,0,0,3,372,94,0,0,0,0,0,0,0.0,-4.855439083583284,11.942314255589187,1.01,2343.79162979126,1691.15716734222,OM,0.771,0.5653151588548909
GHSL_475,0,0,50,1560,131,0,1,0,0,0,1,12000000.0,-4.91462192490787,11.941694878622105,0.08,8702.65580368042,1979.3356291958,OM,0.591,0.5653151588548909
GHSL_476,0,0,375,459,1,0,1,0,0,0,0,0.0,-4.960484127870498,11.97863285841088,6.61,4176.35973739624,1632.95407142732,OM,0.058,0.5653151588548909
GHSL_477,0,186,1212,20,0,0,0,0,0,0,0,0.0,2.7384651670309474,18.38851346015548,66.06,7089.10139465332,15307.7956455857,AS,-0.641,0.2930612394750364
GHSL_478,1,861,826,1,0,0,1,0,0,0,0,0.0,1.6513699055867093,17.35700260058567,36.55,8440.88233184814,12609.6993884758,NC,-0.985,0.31741322977612474
GHSL_479,0,18,2115,520,0,0,0,0,0,0,0,0.0,1.3544848549451156,17.449557196520527,23.15,13264.7392807007,13556.5453952204,NC,-0.237,0.31741322977612474
GHSL_480,0,0,646,1221,3,0,0,0,0,0,0,0.0,1.0580550856283062,17.309848908502232,35.44,9353.93283081055,13288.9505586266,NC,0.139,0.31741322977612474
GHSL_481,0,314,767,3,0,0,0,0,0,0,0,0.0,0.5065649914570827,17.290770630649423,31.7,5417.26501464844,12371.4049196559,NC,-0.811,0.31741322977612474
GHSL_482,0,9,1437,432,0,0,0,0,0,0,0,0.0,0.4337879224943362,14.694911353685926,131.55,9391.70679283142,4905.11030723256,OM,-0.202,0.37694208220008196
GHSL_483,0,27,5651,2055,0,1,1,0,0,0,0,0.0,-0.8737842904815509,14.817237067412565,62.55,38666.0656051636,4647.99772627199,OM,-0.168,0.23656312205845592
GHSL_484,0,0,4,991,396,1,3,0,0,0,0,0.0,-1.8728678939936754,15.876523965339484,1.59,6953.23316717148,984.575570851521,AS,0.852,0.3687227587777978
GHSL_485,0,0,334,858,3,1,1,0,0,0,0,0.0,-2.5386660828126786,14.754214007986993,3.51,5975.39071798325,1066.85564888489,AS,0.195,0.43200455692630063
GHSL_486,0,37,1090,89,0,0,1,0,0,0,0,0.0,-2.8528023620848146,13.82067541984837,113.38,6080.94397354126,3772.06375134375,OM,-0.416,0.15177764837239557
GHSL_487,0,312,1334,12,0,0,1,0,0,0,0,0.0,-3.272858558912539,13.2252814113977,59.08,8290.60019874573,3278.54987019058,OM,-0.712,0.3730462810131978
GHSL_488,0,0,36,1310,125,0,1,0,0,0,0,0.0,-4.2150146161961635,13.761765987074051,1.49,7354.34288406372,1301.34754887691,OM,0.611,0.5135000406614921
GHSL_489,0,91,1235,47,0,0,0,0,0,0,0,0.0,-4.245672725896476,15.37253265737976,3.07,6865.85873413086,16037.9788230106,OM,-0.526,0.5509349623713685
GHSL_490,0,0,496,1628,10,0,0,0,0,0,0,0.0,3.3740921357103937,17.17643449724509,74.8,10668.8943405151,14818.649738758,OM,0.239,0.2930612394750364
GHSL_491,4,1361,695,0,0,0,0,0,0,0,0,0.0,2.634765139165175,17.182241877640507,66.34,10302.0623474121,12511.7348084656,AS,-1.103,0.2930612394750364
GHSL_492,0,1035,3176,18,0,0,1,0,0,0,0,0.0,2.519109605005514,18.21876512749076,49.68,21145.2904052734,16433.7605802026,AS,-0.77,0.2930612394750364
GHSL_493,0,0,108,3767,346,1,2,0,0,0,7,84000000.0,1.613472221212244,16.049909462605786,30.88,21099.1774082184,2147.03774364034,NC,0.605,0.4544581984672556
GHSL_494,0,0,153,1161,21,0,1,0,0,0,0,0.0,1.4119901695603414,16.320226626873154,50.27,6678.42669582367,2343.67273211113,NC,0.38,0.4544581984672556
GHSL_495,0,0,20,1719,323,0,0,0,0,0,0,0.0,0.020792383187242396,14.891685714171846,120.67,10309.6968793869,4258.0024216343,OM,0.72,0.5135000406614921
GHSL_496,0,0,33,1891,260,0,2,0,0,0,0,0.0,-0.006797092922675353,15.617291588620699,60.65,10923.6588954926,1843.86090188824,OM,0.669,0.6262036414812605
GHSL_497,0,0,269,1705,25,0,1,0,0,0,0,0.0,-0.06151407921190802,14.491881821085421,139.9,9998.41752243042,5063.0538705225,OM,0.351,0.31831283999010174
GHSL_498,0,0,225,2416,68,0,1,1,0,0,0,0.0,-0.48899283296272916,15.900774394474398,2.69,13544.6512260437,1921.47078310976,OM,0.435,0.4291905547074027
GHSL_499,0,39,2347,355,0,0,1,0,0,0,0,0.0,-0.6625900663529735,17.60822147108604,40.87,13701.7801895142,14124.0176986142,AS,-0.319,0.3318392681241085
GHSL_500,0,0,35,2129,310,0,0,0,0,0,0,0.0,-1.1578259283965326,15.982417320348665,1.19,12367.295340538,1780.88756564057,OM,0.678,0.4291905547074027
GHSL_501,0,0,196,1151,15,0,2,0,0,0,0,0.0,-2.9445347570876295,12.714329607802226,42.26,6810.91220855713,1789.11737364301,OM,0.339,0.2617609294720658
GHSL_502,0,0,356,4054,122,1,1,0,0,0,2,24000000.0,-3.68039975124718,13.34221082381787,37.63,22663.2057170868,3399.86980266845,OM,0.444,0.35802961807276834
GHSL_503,0,3,5443,7339,10,0,1,0,0,0,2,18110200.0,3.061755552173928,18.514883108505295,76.55,63974.2825927734,14601.6238494962,AS,0.076,0.2930612394750364
SCHOOL_1,0,0,0,0,0,0,0,0,0,0,2,6138900.0,-4.373601666999997,15.181731670000001,0.0,0.0,0.0,NA,0.0,0.0
SCHOOL_2,0,0,0,0,0,0,0,0,0,0,2,1461900.0,-4.364138332999998,15.18648833,0.0,0.0,0.0,NA,0.0,0.0
SCHOOL_3,0,0,0,0,0,0,0,0,0,0,1,12000000.0,-4.845575499999993,11.9456801,0.0,0.0,0.0,NA,0.0,0.0
SCHOOL_4,0,0,0,0,0,0,0,0,0,0,1,12000000.0,-4.842095000000005,11.9453895,0.0,0.0,0.0,NA,0.0,0.0
SCHOOL_5,0,0,0,0,0,0,0,0,0,0,1,4664500.0,-4.751158999999994,12.0323709,0.0,0.0,0.0,NA,0.0,0.0
SCHOOL_6,0,0,0,0,0,0,0,0,0,0,1,4356800.0,-4.7135411,12.0892952,0.0,0.0,0.0,NA,0.0,0.0
SCHOOL_7,0,0,0,0,0,0,0,0,0,0,1,11851400.0,-4.6030751,12.1679755,0.0,0.0,0.0,NA,0.0,0.0
SCHOOL_8,0,0,0,0,0,0,0,0,0,0,1,4234900.0,-4.641412100000009,11.9838596,0.0,0.0,0.0,NA,0.0,0.0
SCHOOL_9,0,0,0,0,0,0,0,0,0,0,1,12000000.0,-4.629609900000004,11.856811099999998,0.0,0.0,0.0,NA,0.0,0.0
SCHOOL_10,0,0,0,0,0,0,0,0,0,0,1,1914700.0,-4.558142799999999,12.1931245,0.0,0.0,0.0,NA,0.0,0.0
SCHOOL_11,0,0,0,0,0,0,0,0,0,0,1,1454900.0,-4.527407200000004,12.1103322,0.0,0.0,0.0,NA,0.0,0.0
SCHOOL_12,0,0,0,0,0,0,0,0,0,0,1,9150600.0,-4.371672100000007,12.1434408,0.0,0.0,0.0,NA,0.0,0.0
SCHOOL_13,0,0,0,0,0,0,0,0,0,0,1,4910900.0,-4.136840899999993,12.063539800000001,0.0,0.0,0.0,NA,0.0,0.0
SCHOOL_14,0,0,0,0,0,0,0,0,0,0,1,4910900.0,-4.133595499999994,12.0621198,0.0,0.0,0.0,NA,0.0,0.0
SCHOOL_15,0,0,0,0,0,0,0,0,0,0,1,12000000.0,-4.116850300000004,12.0722283,0.0,0.0,0.0,NA,0.0,0.0
SCHOOL_16,0,0,0,0,0,0,0,0,0,0,1,12000000.0,-3.381754099999994,13.614498400000002,0.0,0.0,0.0,NA,0.0,0.0
SCHOOL_17,0,0,0,0,0,0,0,0,0,0,1,7059000.0,-3.7770857999999987,13.3189774,0.0,0.0,0.0,NA,0.0,0.0
SCHOOL_18,0,0,0,0,0,0,0,0,0,0,1,12000000.0,-3.3155968000000016,13.7041465,0.0,0.0,0.0,NA,0.0,0.0
SCHOOL_19,0,0,0,0,0,0,0,0,0,0,1,12000000.0,-4.034451500000007,13.1007024,0.0,0.0,0.0,NA,0.0,0.0
SCHOOL_20,0,0,0,0,0,0,0,0,0,0,1,6178300.0,-4.561035100000006,11.9779566,0.0,0.0,0.0,NA,0.0,0.0
SCHOOL_21,0,0,0,0,0,0,0,0,0,0,1,8836400.0,-4.552090499999993,11.8161477,0.0,0.0,0.0,NA,0.0,0.0
SCHOOL_22,0,0,0,0,0,0,0,0,0,0,1,4711400.0,-4.491167300000004,11.975643,0.0,0.0,0.0,NA,0.0,0.0
SCHOOL_23,0,0,0,0,0,0,0,0,0,0,1,2993400.0,-4.478974700000007,11.717941500000002,0.0,0.0,0.0,NA,0.0,0.0
SCHOOL_24,0,0,0,0,0,0,0,0,0,0,1,12000000.0,-4.180258100000001,11.6667659,0.0,0.0,0.0,NA,0.0,0.0
SCHOOL_25,0,0,0,0,0,0,0,0,0,0,1,12000000.0,-4.000831000000008,11.7409044,0.0,0.0,0.0,NA,0.0,0.0
SCHOOL_26,0,0,0,0,0,0,0,0,0,0,1,7287100.0,-3.7698313999999966,12.4750701,0.0,0.0,0.0,NA,0.0,0.0
SCHOOL_27,0,0,0,0,0,0,0,0,0,0,1,12000000.0,-3.7186619000000074,12.4518005,0.0,0.0,0.0,NA,0.0,0.0
SCHOOL_28,0,0,0,0,0,0,0,0,0,0,1,12000000.0,-3.5921224000000036,12.408046400000002,0.0,0.0,0.0,NA,0.0,0.0
SCHOOL_29,0,0,0,0,0,0,0,0,0,0,1,8601400.0,-3.8811003000000066,13.2122036,0.0,0.0,0.0,NA,0.0,0.0
SCHOOL_30,0,0,0,0,0,0,0,0,0,0,1,12000000.0,-3.4166868999999966,12.6643932,0.0,0.0,0.0,NA,0.0,0.0
SCHOOL_31,0,0,0,0,0,0,0,0,0,0,1,12000000.0,-4.182990099999997,11.4091136,0.0,0.0,0.0,NA,0.0,0.0
SCHOOL_32,0,0,0,0,0,0,0,0,0,0,1,7607500.0,-4.308728115000004,15.212848139999998,0.0,0.0,0.0,NA,0.0,0.0
SCHOOL_33,0,0,0,0,0,0,0,0,0,0,2,1680000.0,-4.093468333527009,15.521657500046407,0.0,0.0,0.0,NA,0.0,0.0
SCHOOL_34,0,0,0,0,0,0,0,0,0,0,1,4451800.0,-3.9574316669999976,15.893071670000001,0.0,0.0,0.0,NA,0.0,0.0
SCHOOL_35,0,0,0,0,0,0,0,0,0,0,1,12000000.0,-4.252095600000004,15.232827200000001,0.0,0.0,0.0,NA,0.0,0.0
SCHOOL_36,0,0,0,0,0,0,0,0,0,0,2,14236000.0,-4.224875550514035,15.23723114923364,0.0,0.0,0.0,NA,0.0,0.0
SCHOOL_37,0,0,0,0,0,0,0,0,0,0,1,12000000.0,-4.207480599999993,15.263353700000001,0.0,0.0,0.0,NA,0.0,0.0
SCHOOL_38,0,0,0,0,0,0,0,0,0,0,1,4075900.0,-4.191558265000006,15.254629480000002,0.0,0.0,0.0,NA,0.0,0.0
SCHOOL_39,0,0,0,0,0,0,0,0,0,0,1,12000000.0,-0.7003844000000017,17.5841573,0.0,0.0,0.0,NA,0.0,0.0
SCHOOL_40,0,0,0,0,0,0,0,0,0,0,1,1030000.0,2.0618930000000035,16.5409567,0.0,0.0,0.0,NA,0.0,0.0
SPARSE_1,0,11,40,8,0,0,0,0,0,0,0,0.0,3.4791669887499994,18.595832538950027,0.0,300.9422912597656,300.9422912597656,AS,-0.531000018119812,0.5135000406614921
SPARSE_2,0,10,80,38,1,0,0,0,0,0,0,0.0,2.7291669917499997,18.404165873050026,0.0,641.1978759765625,641.1978759765625,AS,-0.25099998712539673,0.5135000406614921
SPARSE_3,0,6,118,122,7,0,0,0,0,0,0,0.0,2.0375003278499992,15.212499219150025,0.0,1265.227294921875,1265.227294921875,AS,0.028999999165534973,0.5135000406614921
SPARSE_4,0,0,12,43,8,0,0,0,0,0,0,0.0,1.9375003282499994,15.279165885550025,0.0,314.16058349609375,314.16058349609375,AS,0.46000000834465027,0.4951420713206518
SPARSE_5,0,3,47,43,2,0,0,0,0,0,0,0.0,1.9375003282499994,15.329165885350026,0.0,474.24169921875,474.24169921875,NC,-0.007000000216066837,0.5135000406614921
SPARSE_6,0,3,59,5,0,0,0,0,0,0,0,0.0,1.8125003287499994,14.270832556250026,0.0,335.9524841308594,335.9524841308594,AS,-0.453000009059906,0.3176590953419139
SPARSE_7,0,1,33,27,1,0,0,0,0,0,0,0.0,1.6291669961499995,16.037499215850026,0.0,308.84088134765625,308.84088134765625,NC,-0.03400000184774399,0.4544581984672556
SPARSE_8,0,1,35,29,1,0,0,0,0,0,0,0.0,1.6041669962499996,16.070832549050024,0.0,331.6518249511719,331.6518249511719,NC,-0.03400000184774399,0.4544581984672556
SPARSE_9,0,1,88,139,7,0,0,0,0,0,0,0.0,1.5958336629499996,16.020832549250027,0.0,1177.8685302734375,392.6228332519531,NC,0.1589999943971634,0.4544581984672556
SPARSE_10,0,4,47,21,0,0,0,0,0,0,0,0.0,1.4875003300499996,15.787499216850026,0.0,358.221923828125,358.221923828125,NC,-0.22699999809265137,0.4544581984672556
SPARSE_11,0,2,76,12,0,0,0,0,0,0,0,0.0,0.9958336653499993,17.070832545050028,0.0,450.8604736328125,450.8604736328125,NC,-0.33799999952316284,0.31741322977612474
SPARSE_12,0,6,89,72,3,0,0,0,0,0,0,0.0,0.6625003333499992,14.362499222550026,0.0,852.4183349609375,852.4183349609375,OM,-0.054236559279923956,0.5135000406614921
SPARSE_13,0,9,50,36,3,0,0,0,0,0,0,0.0,0.004167002649999585,15.595832550950027,0.0,486.2330627441406,486.2330627441406,OM,-0.1420000046491623,0.6262036414812605
SPARSE_14,0,1,40,28,0,0,0,0,0,0,0,0.0,-0.3458329959500004,15.779165883550025,0.0,348.8166809082031,348.8166809082031,OM,-0.08500000089406967,0.4291905547074027
SPARSE_15,0,3,45,18,0,0,0,0,0,0,0,0.0,-0.47083299545000035,15.912499216350026,0.0,329.3936767578125,329.3936767578125,OM,-0.23600000143051147,0.4291905547074027
SPARSE_16,0,2,41,23,0,0,0,0,0,0,0,0.0,-0.47916632875000076,15.870832549850025,0.0,326.69830322265625,326.69830322265625,OM,-0.14399999380111694,0.4291905547074027
SPARSE_17,0,16,66,7,0,0,0,0,0,0,0,0.0,-0.5708329950500008,15.412499218350026,0.0,445.2974853515625,445.2974853515625,OM,-0.5820000171661377,0.4291905547074027
SPARSE_18,0,6,371,112,0,0,0,0,0,0,0,0.0,-0.6999996612000006,17.583332543000026,0.0,2447.140625,1223.5703125,AS,-0.22599999606609344,0.3318392681241085
SPARSE_19,0,0,56,5,0,0,0,0,0,0,0,0.0,-0.862499660550001,15.045832553150026,0.0,301.7425842285156,301.7425842285156,OM,-0.3179999887943268,0.23656312205845592
SPARSE_20,0,1,47,38,1,0,0,0,0,0,0,0.0,-1.0124996599500005,15.820832550050026,0.0,432.59942626953125,432.59942626953125,OM,-0.03950000088661909,0.4291905547074027
SPARSE_21,0,0,45,75,1,0,0,0,0,0,0,0.0,-1.0374996598500008,15.337499218650027,0.0,607.7879028320312,607.7879028320312,OM,0.14300000667572021,0.3732706832673951
SPARSE_22,0,4,73,17,0,0,0,0,0,0,0,0.0,-1.0458329931500003,15.070832553050026,0.0,470.4039001464844,470.4039001464844,AS,-0.3190000057220459,0.3732706832673951
SPARSE_23,0,7,68,8,0,0,0,0,0,0,0,0.0,-1.095832992950001,15.229165885750026,0.0,417.6552734375,417.6552734375,OM,-0.4740000069141388,0.3732706832673951
SPARSE_24,0,0,21,524,293,0,0,0,0,0,0,0.0,-1.1158329928700006,15.959165882830026,0.0,4206.1318359375,841.2263793945312,OM,0.8600000143051147,0.4291905547074027
SPARSE_25,0,0,71,27,0,0,0,0,0,0,0,0.0,-1.1374996594500004,15.337499218650027,0.0,489.82073974609375,489.82073974609375,OM,-0.12950000166893005,0.248899246331529
SPARSE_26,0,0,12,83,14,0,0,0,0,0,0,0.0,-1.1374996594500004,15.954165882850027,0.0,549.1890869140625,549.1890869140625,OM,0.5429999828338623,0.4291905547074027
SPARSE_27,0,0,45,20,0,0,0,0,0,0,0,0.0,-1.1541663260500004,15.154165886050027,0.0,325.5207824707031,325.5207824707031,OM,-0.054236559279923956,0.14672579695065
SPARSE_28,0,17,111,19,0,0,0,0,0,0,0,0.0,-1.1791663259500007,16.008332549300025,0.0,737.9320678710938,368.9660339355469,OM,-0.4659999907016754,0.4291905547074027
SPARSE_29,0,4,69,31,0,0,0,0,0,0,0,0.0,-1.1874996592500011,16.045832549150028,0.0,522.0875854492188,522.0875854492188,OM,-0.20600000023841858,0.4291905547074027
SPARSE_30,0,0,35,90,0,0,0,0,0,0,0,0.0,-1.2249996591000007,15.916665883000025,0.0,628.763916015625,314.3819580078125,OM,0.164000004529953,0.248899246331529
SPARSE_31,0,0,50,132,0,0,0,0,0,0,0,0.0,-1.2624996589500004,16.170832548650026,0.0,911.3980712890625,911.3980712890625,OM,0.12399999797344208,0.17342433426795067
SPARSE_32,0,1,78,3,0,0,0,0,0,0,0,0.0,-1.4124996583500007,15.345832551950025,0.0,410.4956359863281,410.4956359863281,OM,-0.4230000078678131,0.248899246331529
SPARSE_33,0,0,44,17,0,0,0,0,0,0,0,0.0,-1.4874996580500008,16.179165881950027,0.0,302.53857421875,302.53857421875,OM,-0.12950000166893005,0.248899246331529
SPARSE_34,0,8,65,6,0,0,0,0,0,0,0,0.0,-1.6041663242500004,16.029165882550025,0.0,394.3206481933594,394.3206481933594,OM,-0.5109999775886536,0.3687227587777978
SPARSE_35,0,0,58,22,0,0,0,0,0,0,0,0.0,-1.7291663237500003,15.237499219050026,0.0,396.6192626953125,396.6192626953125,AS,-0.12950000166893005,0.248899246331529
SPARSE_36,0,4,54,8,0,0,0,0,0,0,0,0.0,-1.7541663236500007,15.929165882950027,0.0,329.44647216796875,329.44647216796875,AS,-0.4242000043392181,0.3687227587777978
SPARSE_37,0,6,70,27,0,0,0,0,0,0,0,0.0,-1.8791663231500007,12.729165895750025,0.0,514.2543334960938,514.2543334960938,OM,-0.27399998903274536,0.4570857299209934
SPARSE_38,0,5,58,8,0,0,0,0,0,0,0,0.0,-1.9291663229500005,16.18749921525003,0.0,353.2355041503906,353.2355041503906,OM,-0.4242000043392181,0.3687227587777978
SPARSE_39,0,10,54,3,0,0,0,0,0,0,0,0.0,-1.9541663228500008,15.870832549850025,0.0,333.3145751953125,333.3145751953125,AS,-0.5860000252723694,0.3687227587777978
SPARSE_40,0,3,79,21,0,0,0,0,0,0,0,0.0,-2.104166322250001,16.162499215350024,0.0,514.5104370117188,514.5104370117188,OM,-0.2849999964237213,0.3687227587777978
SPARSE_41,0,9,107,15,0,0,0,0,0,0,0,0.0,-2.154166322050001,16.220832548450026,0.0,652.8799438476562,652.8799438476562,OM,-0.4242000043392181,0.3687227587777978
SPARSE_42,0,9,54,4,0,0,0,0,0,0,0,0.0,-2.1624996553500004,16.129165882150026,0.0,336.076171875,336.076171875,OM,-0.5720000267028809,0.3687227587777978
SPARSE_43,0,0,24,68,7,0,0,0,0,0,0,0.0,-2.2708329882500005,12.820832562050025,0.0,496.619384765625,496.619384765625,OM,0.33399999141693115,0.4570857299209934
SPARSE_44,0,22,58,4,0,0,0,0,0,0,0,0.0,-2.354166321250001,15.329165885350026,0.0,418.52203369140625,418.52203369140625,AS,-0.6990000009536743,0.43200455692630063
SPARSE_45,0,6,79,11,0,0,0,0,0,0,0,0.0,-2.3624996545500005,16.112499215550027,0.0,479.51055908203125,479.51055908203125,OM,-0.4242000043392181,0.3687227587777978
SPARSE_46,0,7,47,9,0,0,0,0,0,0,0,0.0,-2.370832987850001,15.270832552250027,0.0,314.95166015625,314.95166015625,AS,-0.4339999854564667,0.43200455692630063
SPARSE_47,0,0,64,3,0,0,0,0,0,0,0,0.0,-2.4124996543500012,14.579165888350026,0.0,334.88018798828125,334.88018798828125,AS,-0.23399999737739563,0.14995860817721446
SPARSE_48,0,1,64,29,0,0,0,0,0,0,0,0.0,-2.4208329876500008,16.137499215450028,0.0,467.17352294921875,467.17352294921875,OM,-0.16699999570846558,0.3687227587777978
SPARSE_49,0,0,83,8,0,0,0,0,0,0,0,0.0,-2.445832987550001,14.420832555650026,0.0,452.4718933105469,452.4718933105469,AS,-0.18799999356269836,0.14995860817721446
SPARSE_50,0,8,60,13,0,0,0,0,0,0,0,0.0,-2.537499653850001,15.095832552950027,0.0,402.6514587402344,402.6514587402344,AS,-0.41499999165534973,0.43200455692630063
SPARSE_51,0,5,162,115,1,0,0,0,0,0,0,0.0,-2.709721875383334,12.031943676316693,0.0,1417.085693359375,472.3619079589844,OM,-0.07500000298023224,0.4285067072917054
SPARSE_52,0,9,46,6,0,0,0,0,0,0,0,0.0,-2.729166319750001,15.270832552250027,0.0,307.71002197265625,307.71002197265625,OM,-0.5344999879598618,0.43200455692630063
SPARSE_53,0,1,147,15,0,0,0,0,0,0,0,0.0,-2.9083329857000004,12.695832562550025,0.0,818.0794677734375,409.03973388671875,OM,-0.32499998807907104,0.2617609294720658
SPARSE_54,0,8,110,90,4,0,0,0,0,0,0,0.0,-2.916666319000001,11.891665899100026,0.0,1059.7720947265625,529.8860473632812,OM,-0.054236559279923956,0.5135000406614921
SPARSE_55,0,0,11,328,0,0,0,0,0,0,0,0.0,-2.916666319000001,15.633332550800027,0.0,1695.824462890625,847.9122314453125,OM,0.2030000016093254,0.08202438776965337
SPARSE_56,0,39,157,17,0,0,0,0,0,0,0,0.0,-2.9333329856000008,16.037499215850026,0.0,1068.5,534.25,OM,-0.5899999737739563,0.43200455692630063
SPARSE_57,0,0,8,234,0,0,0,0,0,0,0,0.0,-2.945832985550001,16.162499215350024,0.0,1209.3287353515625,1209.3287353515625,OM,0.2030000016093254,0.08202438776965337
SPARSE_58,0,0,19,546,0,0,0,0,0,0,0,0.0,-3.066666318400001,15.637499217450026,0.0,2823.50634765625,1411.753173828125,OM,0.2030000016093254,0.08202438776965337
SPARSE_59,0,0,72,31,0,0,0,0,0,0,0,0.0,-3.070832985050001,12.662499229350026,0.0,511.3468322753906,511.3468322753906,OM,-0.1184999942779541,0.2617609294720658
SPARSE_60,0,0,5,147,0,0,0,0,0,0,0,0.0,-3.0916663183000006,15.629165884150026,0.0,761.675537109375,380.8377685546875,OM,0.2030000016093254,0.08202438776965337
SPARSE_61,0,0,31,905,0,0,0,0,0,0,0,0.0,-3.2166663178000006,16.166665882000025,0.0,4681.95703125,1170.4892578125,OM,0.2030000016093254,0.08202438776965337
SPARSE_62,0,0,70,4,0,0,0,0,0,0,0,0.0,-3.237499651050001,12.129165898150026,0.0,365.3071594238281,365.3071594238281,OM,-0.1809999942779541,0.12080010666539906
SPARSE_63,0,0,51,22,0,0,0,0,0,0,0,0.0,-3.2624996509500006,12.687499229250026,0.0,366.975341796875,366.975341796875,OM,-0.1184999942779541,0.2617609294720658
SPARSE_64,0,0,0,380,0,0,0,0,0,0,0,0.0,-3.3083329841000007,15.895832549750025,0.0,1898.640625,949.3203125,OM,0.37700000405311584,0.08202438776965337
SPARSE_65,0,0,241,279,0,0,0,0,0,0,0,0.0,-3.3249996507000006,15.570832551050026,0.0,2602.5166015625,650.629150390625,OM,0.028999999165534973,0.08202438776965337
SPARSE_66,0,0,37,57,0,0,0,0,0,0,0,0.0,-3.345832983950001,12.645832562750027,0.0,469.5230712890625,469.5230712890625,OM,0.08799999952316284,0.2617609294720658
SPARSE_67,0,0,5,132,0,0,0,0,0,0,0,0.0,-3.345832983950001,15.554165884450025,0.0,685.0667114257812,685.0667114257812,OM,0.2030000016093254,0.08202438776965337
SPARSE_68,0,0,76,4,0,0,0,0,0,0,0,0.0,-3.379166317150001,14.195832556550027,0.0,399.6262512207031,399.6262512207031,OM,-0.32849999889731407,0.21596334227302783
SPARSE_69,0,3,64,0,0,0,0,0,0,0,0,0.0,-3.412499650350001,14.537499221850027,0.0,334.7979736328125,334.7979736328125,OM,-0.5929999947547913,0.21596334227302783
SPARSE_70,0,0,4,104,0,0,0,0,0,0,0,0.0,-3.4791663167500007,15.520832551250027,0.0,536.5929565429688,536.5929565429688,OM,0.2030000016093254,0.08202438776965337
SPARSE_71,0,0,32,42,0,0,0,0,0,0,0,0.0,-3.5291663165500005,13.354165893250027,0.0,371.1400146484375,371.1400146484375,OM,0.07699999958276749,0.35802961807276834
SPARSE_72,0,0,108,0,0,0,0,0,0,0,0,0.0,-3.554166316450001,12.337499230650026,0.0,541.830322265625,541.830322265625,OM,-0.47099998593330383,0.12080010666539906
SPARSE_73,0,0,19,557,0,0,0,0,0,0,0,0.0,-3.579166316350001,15.512499217950026,0.0,2883.78759765625,961.2625122070312,OM,0.2030000016093254,0.08202438776965337
SPARSE_74,0,0,14,39,8,0,0,0,0,0,0,0.0,-3.645832982750001,15.512499217950026,0.0,307.64947509765625,307.64947509765625,OM,0.4191428417273398,0.5509349623713685
SPARSE_75,0,0,68,0,0,0,0,0,0,0,0,0.0,-3.6708329826500012,12.120832564850026,0.0,340.7076721191406,340.7076721191406,OM,-0.27799999713897705,0.12080010666539906
SPARSE_76,0,13,244,331,34,0,0,0,0,0,0,0.0,-3.6972218714333343,15.49722144023336,0.0,3113.343994140625,518.8906860351562,OM,0.14000000059604645,0.5509349623713685
SPARSE_77,0,0,42,41,0,0,0,0,0,0,0,0.0,-3.6958329825500007,13.362499226550026,0.0,418.14373779296875,418.14373779296875,OM,0.01600000075995922,0.35802961807276834
SPARSE_78,0,0,330,177,0,0,0,0,0,0,0,0.0,-3.7341663157300014,14.507499221970026,0.0,2533.8818359375,506.7763671875,OM,-0.06400000303983688,0.21596334227302783
SPARSE_79,0,12,55,21,1,0,0,0,0,0,0,0.0,-3.787499648850001,15.462499218150025,0.0,444.38177490234375,444.38177490234375,OM,-0.36500000953674316,0.5509349623713685
SPARSE_80,0,0,15,42,9,0,0,0,0,0,0,0.0,-3.8041663154500007,15.454165884850026,0.0,331.3158874511719,331.3158874511719,OM,0.4191428417273398,0.5509349623713685
SPARSE_81,0,0,35,40,0,0,0,0,0,0,0,0.0,-3.862499648550001,13.287499226850027,0.0,377.4149475097656,377.4149475097656,OM,0.046500000171363354,0.35802961807276834
SPARSE_82,0,0,19,52,11,0,0,0,0,0,0,0.0,-3.862499648550001,15.420832551650026,0.0,409.50726318359375,409.50726318359375,OM,0.4191428417273398,0.5509349623713685
SPARSE_83,0,0,7,52,5,0,0,0,0,0,0,0.0,-3.9124996483500007,13.954165890850026,0.0,319.5579528808594,319.5579528808594,OM,0.47074999660253525,0.3768321895997766
SPARSE_84,0,0,17,47,10,0,0,0,0,0,0,0.0,-3.954166314850001,15.379165885150027,0.0,377.4235534667969,377.4235534667969,OM,0.4191428417273398,0.5509349623713685
SPARSE_85,2,215,1539,867,34,0,0,0,0,0,0,0.0,-3.9802079814125007,15.386457551787526,0.0,13279.79296875,1659.97412109375,OM,-0.20900000631809235,0.5509349623713685
SPARSE_86,0,0,65,4,0,0,0,0,0,0,0,0.0,-3.9791663147500005,14.645832554750026,0.0,342.6972351074219,342.6972351074219,OM,-0.32849999889731407,0.21596334227302783
SPARSE_87,0,5,57,55,4,0,0,0,0,0,0,0.0,-3.9791663147500005,15.604165884250026,0.0,601.8570556640625,601.8570556640625,OM,0.0020000000949949026,0.5509349623713685
SPARSE_88,0,0,66,1,0,0,0,0,0,0,0,0.0,-4.004166314650001,14.587499221650026,0.0,336.18829345703125,336.18829345703125,OM,-0.2915000058710575,0.14354342525400057
SPARSE_89,0,0,16,44,9,0,0,0,0,0,0,0.0,-4.070832981050001,15.370832551850025,0.0,350.1905212402344,350.1905212402344,OM,0.4191428417273398,0.5509349623713685
SPARSE_90,0,1,842,40134,123012,0,0,0,0,0,0,0.0,-4.227451636116256,15.240139822605993,0.0,946500.8125,3895.065185546875,OM,1.465999960899353,0.5509349623713685
SPARSE_91,0,0,32,36,0,0,0,0,0,0,0,0.0,-4.112499647550001,13.079165894350027,0.0,339.88543701171875,339.88543701171875,OM,0.039000000804662704,0.26875480129698515
SPARSE_92,0,0,4,63,1,0,0,0,0,0,0,0.0,-4.145832980750001,13.045832561150027,0.0,342.4346923828125,342.4346923828125,OM,0.42800000309944153,0.26875480129698515
SPARSE_93,0,0,0,94,0,0,0,0,0,0,0,0.0,-4.145832980750001,13.154165894050026,0.0,471.2987976074219,471.2987976074219,OM,0.6169999837875366,0.040194531185464864
SPARSE_94,0,0,7,77,10,0,0,0,0,0,0,0.0,-4.145832980750001,13.854165891250027,0.0,473.7732238769531,473.7732238769531,OM,0.5559999942779541,0.3768321895997766
SPARSE_95,0,0,39,418,29,0,0,0,0,0,0,0.0,-4.158332980700001,13.558332559100027,0.0,2424.80126953125,1212.400634765625,OM,0.4959999918937683,0.33803019330236583
SPARSE_96,0,0,6,67,9,0,0,0,0,0,0,0.0,-4.162499647350001,13.854165891250027,0.0,412.8751220703125,412.8751220703125,OM,0.5559999942779541,0.3768321895997766
SPARSE_97,0,3,30,49,13,0,0,0,0,0,0,0.0,-4.170832980650001,12.695832562550025,0.0,476.0296936035156,476.0296936035156,OM,0.2980000078678131,0.6888101852326468
SPARSE_98,0,0,0,201,0,0,0,0,0,0,0,0.0,-4.170832980650001,13.295832560150027,0.0,1006.875,1006.875,OM,0.6169999837875366,0.040194531185464864
SPARSE_99,0,0,0,64,0,0,0,0,0,0,0,0.0,-4.170832980650001,13.312499226750026,0.0,319.5218505859375,319.5218505859375,OM,0.6169999837875366,0.040194531185464864
SPARSE_100,0,1,66,19,0,0,0,0,0,0,0,0.0,-4.170832980650001,13.654165892050026,0.0,433.6458740234375,433.6458740234375,OM,-0.2370000034570694,0.33803019330236583
SPARSE_101,0,0,15,41,9,0,0,0,0,0,0,0.0,-4.179166313950001,15.204165885850026,0.0,324.52020263671875,324.52020263671875,OM,0.4191428417273398,0.5509349623713685
SPARSE_102,0,6,35,37,6,0,0,0,0,0,0,0.0,-4.187499647250001,12.595832562950026,0.0,419.3078308105469,419.3078308105469,OM,0.04699999839067459,0.6888101852326468
SPARSE_103,0,0,0,82,0,0,0,0,0,0,0,0.0,-4.187499647250001,13.187499227250026,0.0,407.69140625,407.69140625,OM,0.6169999837875366,0.040194531185464864
SPARSE_104,0,0,42,50,0,0,0,0,0,0,0,0.0,-4.187499647250001,13.729165891750025,0.0,463.8694763183594,463.8694763183594,OM,0.05833332985639572,0.33803019330236583
SPARSE_105,0,0,16,89,83,0,0,0,0,0,0,0.0,-4.1958329805500005,12.695832562550025,0.0,999.0643310546875,999.0643310546875,OM,0.9850000143051147,0.6888101852326468
SPARSE_106,0,0,5,75,13,0,0,0,0,0,0,0.0,-4.1958329805500005,13.770832558250026,0.0,463.1541748046875,463.1541748046875,OM,0.6110000014305115,0.3768321895997766
SPARSE_107,0,3,42,31,1,0,0,0,0,0,0,0.0,-4.1958329805500005,14.795832554150026,0.0,386.2689514160156,386.2689514160156,OM,-0.08299999684095383,0.5135000406614921
SPARSE_108,0,0,41,25,0,0,0,0,0,0,0,0.0,-4.229166313750001,13.762499224950027,0.0,336.2976379394531,336.2976379394531,OM,-0.08399999886751175,0.33803019330236583
SPARSE_109,0,0,70,1,0,0,0,0,0,0,0,0.0,-4.229166313750001,14.295832556150026,0.0,355.00885009765625,355.00885009765625,OM,-0.2915000058710575,0.14354342525400057
SPARSE_110,0,0,51,13,0,0,0,0,0,0,0,0.0,-4.245832980350001,12.487499230050027,0.0,320.090576171875,320.090576171875,OM,-0.10999999940395355,0.15856071384102038
SPARSE_111,0,0,34,38,0,0,0,0,0,0,0,0.0,-4.245832980350001,14.204165889850026,0.0,360.2458190917969,360.2458190917969,OM,0.028999999165534973,0.14354342525400057
SPARSE_112,0,0,68,1,0,0,0,0,0,0,0,0.0,-4.245832980350001,14.362499222550026,0.0,344.0155029296875,344.0155029296875,OM,-0.2915000058710575,0.14354342525400057
SPARSE_113,0,0,22,39,1,0,0,0,0,0,0,0.0,-4.262499646950001,13.837499224650026,0.0,307.3960266113281,307.3960266113281,OM,0.1599999964237213,0.3768321895997766
SPARSE_114,0,0,3457,53,0,0,0,0,0,0,0,0.0,-4.274305202458334,14.359027000341692,0.0,17551.806640625,1462.6505126953125,OM,-0.2915000058710575,0.14354342525400057
SPARSE_115,0,1,23,47,8,0,0,0,0,0,0,0.0,-4.262499646950001,15.437499218250025,0.0,393.8785400390625,393.8785400390625,OM,0.3089999854564667,0.5509349623713685
SPARSE_116,0,0,79,0,0,0,0,0,0,0,0,0.0,-4.270832980250001,14.079165890350026,0.0,396.52911376953125,396.52911376953125,OM,-0.46700000762939453,0.14354342525400057
SPARSE_117,0,0,270,1,0,0,0,0,0,0,0,0.0,-4.273610758016668,14.484721444283359,0.0,1354.9107666015625,451.6369323730469,OM,-0.37400001287460327,0.14354342525400057
SPARSE_118,0,4,49,37,1,0,0,0,0,0,0,0.0,-4.270832980250001,14.720832554450027,0.0,453.3837585449219,453.3837585449219,OM,-0.08299999684095383,0.5135000406614921
SPARSE_119,0,0,88,0,0,0,0,0,0,0,0,0.0,-4.29583298015,13.962499224150026,0.0,440.35833740234375,440.35833740234375,OM,-0.3540000021457672,0.14354342525400057
SPARSE_120,0,177,2348,1766,68,0,0,0,0,0,0,0.0,-4.358332979900001,14.759090130054572,0.0,21799.17578125,990.8716430664062,OM,-0.08299999684095383,0.5135000406614921
SPARSE_121,0,0,19,53,11,0,0,0,0,0,0,0.0,-4.329166313350002,15.070832553050026,0.0,422.5131530761719,422.5131530761719,OM,0.4191428417273398,0.5509349623713685
SPARSE_122,0,0,2,106,449,0,0,0,0,0,0,0.0,-4.329166313350002,15.216665885800026,0.0,3396.16796875,1698.083984375,OM,1.590999960899353,0.5509349623713685
SPARSE_123,0,0,15,42,9,0,0,0,0,0,0,0.0,-4.337499646650001,15.045832553150026,0.0,329.88714599609375,329.88714599609375,OM,0.4191428417273398,0.5509349623713685
SPARSE_124,0,0,51,13,0,0,0,0,0,0,0,0.0,-4.370832979850001,12.145832564750027,0.0,319.11846923828125,319.11846923828125,OM,-0.10999999940395355,0.15856071384102038
SPARSE_125,0,0,62,0,0,0,0,0,0,0,0,0.0,-4.4458329795500005,12.912499228350026,0.0,309.1257629394531,309.1257629394531,OM,-0.39399999380111694,0.1303662024215007
SPARSE_126,0,0,398,0,0,0,0,0,0,0,0,0.0,-4.49083297937,12.955832561510025,0.0,1988.27685546875,397.6553649902344,OM,-0.5040000081062317,0.1303662024215007
SPARSE_127,0,1,24,33,4,0,0,0,0,0,0,0.0,-4.487499646050002,12.095832564950026,0.0,314.5689392089844,314.5689392089844,OM,0.14816667589669427,0.5653151588548909
SPARSE_128,0,0,94,0,0,0,0,0,0,0,0,0.0,-4.504166312650001,13.270832560250026,0.0,468.1734619140625,468.1734619140625,OM,-0.40871428166116985,0.1303662024215007
SPARSE_129,0,4,75,102,12,0,0,0,0,0,0,0.0,-4.51249964595,12.058332565100025,0.0,964.302978515625,482.1514892578125,OM,0.14816667589669427,0.5653151588548909
SPARSE_130,0,14,44,12,0,0,0,0,0,0,0,0.0,-4.5374996458500005,12.145832564750027,0.0,357.8846740722656,357.8846740722656,OM,-0.5109999775886536,0.5653151588548909
SPARSE_131,0,0,78,0,0,0,0,0,0,0,0,0.0,-4.554166312450001,13.037499227850025,0.0,391.8779296875,391.8779296875,OM,-0.5289999842643738,0.1303662024215007
SPARSE_132,0,3,37,41,4,0,0,0,0,0,0,0.0,-4.562499645750001,12.062499231750026,0.0,421.2186584472656,421.2186584472656,OM,0.061000000685453415,0.5653151588548909
SPARSE_133,0,0,74,0,0,0,0,0,0,0,0,0.0,-4.57083297905,13.062499227750026,0.0,370.55889892578125,370.55889892578125,OM,-0.4749999940395355,0.1303662024215007
SPARSE_134,0,0,68,0,0,0,0,0,0,0,0,0.0,-4.595832978950001,13.145832560750026,0.0,341.6446838378906,341.6446838378906,OM,-0.4399999976158142,0.1303662024215007
SPARSE_135,0,3,58,3,0,0,0,0,0,0,0,0.0,-4.612499645550002,13.595832558950026,0.0,319.0731201171875,319.0731201171875,OM,-0.4779999852180481,0.2896871846696276
SPARSE_136,0,0,61,12,0,0,0,0,0,0,0,0.0,-4.63749964545,13.187499227250026,0.0,365.3877868652344,365.3877868652344,OM,-0.10899999737739563,0.1303662024215007
SPARSE_137,0,2,70,223,61,0,0,0,0,0,0,0.0,-4.660416312025,11.814582566075027,0.0,1785.7850341796875,446.4462585449219,OM,0.49300000071525574,0.5653151588548909
SPARSE_138,0,5,63,61,5,0,0,0,0,0,0,0.0,-4.7083329785000005,11.887499232450025,0.0,674.134765625,337.0673828125,OM,0.007000000216066837,0.5653151588548909
SPARSE_139,0,2,26,30,3,0,0,0,0,0,0,0.0,-4.712499645150001,11.837499232650027,0.0,304.6988220214844,304.6988220214844,OM,0.06800000369548798,0.5653151588548909
SPARSE_140,0,24,166,70,1,0,0,0,0,0,0,0.0,-4.779166311550001,14.624999221500026,0.0,1306.557861328125,653.2789306640625,OM,-0.29100000858306885,0.5135000406614921
SPARSE_141,0,0,124,0,0,0,0,0,0,0,0,0.0,-4.829166311350002,13.379165893150025,0.0,620.825927734375,620.825927734375,OM,-0.4099999964237213,0.1303662024215007
SPARSE_142,0,0,6,35,19,0,0,0,0,0,0,0.0,-4.870832977850001,11.945832565550026,0.0,303.9554443359375,303.9554443359375,OM,0.7710000276565552,0.5653151588548909
