archetype_id,user_type,tier,n_units_simulated,cooling_regime,cooling_regime_name,lat_zone,lat_min_deg,lat_max_deg,sun_reference_city,minute_file,annual_energy_kWh,annual_energy_kWh_per_unit,peak_W,mean_W,load_factor,derivation,hourly_file,level_of_care,indicative_beds,kenya_keph_level,uganda_moh_level,ehfdb_category_moner_girona_2021,scope
HH_NC_F1_T1,household,1,100,NC,No cooling,F1,10.0000,20.0000,Dakar,households_minute.zip > households_minute/households_minute_NC.parquet,3872.3145,38.7231,2517.3319,442.0450,0.1756,"RAMP stochastic simulation (legacy engine, re-simulated 2026; see CHANGELOG)",households_hourly.csv,,,,,,
HH_NC_F1_T2,household,2,100,NC,No cooling,F1,10.0000,20.0000,Dakar,households_minute.zip > households_minute/households_minute_NC.parquet,5029.3053,50.2931,3275.2620,574.1216,0.1753,"RAMP stochastic simulation (legacy engine, re-simulated 2026; see CHANGELOG)",households_hourly.csv,,,,,,
HH_NC_F1_T3,household,3,100,NC,No cooling,F1,10.0000,20.0000,Dakar,households_minute.zip > households_minute/households_minute_NC.parquet,8836.4049,88.3640,5659.7906,1008.7220,0.1782,"RAMP stochastic simulation (legacy engine, re-simulated 2026; see CHANGELOG)",households_hourly.csv,,,,,,
HH_NC_F1_T4,household,4,100,NC,No cooling,F1,10.0000,20.0000,Dakar,households_minute.zip > households_minute/households_minute_NC.parquet,75358.2569,753.5826,12950.4726,8602.5407,0.6643,RAMP stochastic simulation,households_hourly.csv,,,,,,
HH_NC_F1_T5,household,5,100,NC,No cooling,F1,10.0000,20.0000,Dakar,households_minute.zip > households_minute/households_minute_NC.parquet,122649.5469,1226.4955,38899.5678,14001.0898,0.3599,RAMP stochastic simulation,households_hourly.csv,,,,,,
HH_NC_F2_T1,household,1,100,NC,No cooling,F2,-10.0000,10.0000,Nairobi,households_minute.zip > households_minute/households_minute_NC.parquet,3847.0178,38.4702,2498.6722,439.1573,0.1758,RAMP stochastic simulation,households_hourly.csv,,,,,,
HH_NC_F2_T2,household,2,100,NC,No cooling,F2,-10.0000,10.0000,Nairobi,households_minute.zip > households_minute/households_minute_NC.parquet,5220.9803,52.2098,3399.0381,596.0023,0.1753,RAMP stochastic simulation,households_hourly.csv,,,,,,
HH_NC_F2_T3,household,3,100,NC,No cooling,F2,-10.0000,10.0000,Nairobi,households_minute.zip > households_minute/households_minute_NC.parquet,8957.6728,89.5767,5620.1652,1022.5654,0.1819,RAMP stochastic simulation,households_hourly.csv,,,,,,
HH_NC_F2_T4,household,4,100,NC,No cooling,F2,-10.0000,10.0000,Nairobi,households_minute.zip > households_minute/households_minute_NC.parquet,75475.8822,754.7588,12579.8530,8615.9683,0.6849,RAMP stochastic simulation,households_hourly.csv,,,,,,
HH_NC_F2_T5,household,5,100,NC,No cooling,F2,-10.0000,10.0000,Nairobi,households_minute.zip > households_minute/households_minute_NC.parquet,123075.0742,1230.7507,37904.1305,14049.6660,0.3707,RAMP stochastic simulation,households_hourly.csv,,,,,,
HH_NC_F3_T1,household,1,100,NC,No cooling,F3,-20.0000,-10.0000,Lusaka,households_minute.zip > households_minute/households_minute_NC.parquet,3906.3199,39.0632,2565.2825,445.9269,0.1738,RAMP stochastic simulation,households_hourly.csv,,,,,,
HH_NC_F3_T2,household,2,100,NC,No cooling,F3,-20.0000,-10.0000,Lusaka,households_minute.zip > households_minute/households_minute_NC.parquet,5047.4973,50.4750,3412.0759,576.1983,0.1689,RAMP stochastic simulation,households_hourly.csv,,,,,,
HH_NC_F3_T3,household,3,100,NC,No cooling,F3,-20.0000,-10.0000,Lusaka,households_minute.zip > households_minute/households_minute_NC.parquet,8863.2229,88.6322,5899.4668,1011.7834,0.1715,RAMP stochastic simulation,households_hourly.csv,,,,,,
HH_NC_F3_T4,household,4,100,NC,No cooling,F3,-20.0000,-10.0000,Lusaka,households_minute.zip > households_minute/households_minute_NC.parquet,75345.0385,753.4504,13044.3426,8601.0318,0.6594,RAMP stochastic simulation,households_hourly.csv,,,,,,
HH_NC_F3_T5,household,5,100,NC,No cooling,F3,-20.0000,-10.0000,Lusaka,households_minute.zip > households_minute/households_minute_NC.parquet,123010.5619,1230.1056,37903.4163,14042.3016,0.3705,RAMP stochastic simulation,households_hourly.csv,,,,,,
HH_NC_F4_T1,household,1,100,NC,No cooling,F4,-30.0000,-20.0000,Maputo,households_minute.zip > households_minute/households_minute_NC.parquet,3978.8892,39.7889,2652.2454,454.2111,0.1713,RAMP stochastic simulation,households_hourly.csv,,,,,,
HH_NC_F4_T2,household,2,100,NC,No cooling,F4,-30.0000,-20.0000,Maputo,households_minute.zip > households_minute/households_minute_NC.parquet,4960.9472,49.6095,3516.8902,566.3182,0.1610,RAMP stochastic simulation,households_hourly.csv,,,,,,
HH_NC_F4_T3,household,3,100,NC,No cooling,F4,-30.0000,-20.0000,Maputo,households_minute.zip > households_minute/households_minute_NC.parquet,8909.8930,89.0989,5613.7809,1017.1111,0.1812,RAMP stochastic simulation,households_hourly.csv,,,,,,
HH_NC_F4_T4,household,4,100,NC,No cooling,F4,-30.0000,-20.0000,Maputo,households_minute.zip > households_minute/households_minute_NC.parquet,75289.5538,752.8955,12807.1620,8594.6979,0.6711,RAMP stochastic simulation,households_hourly.csv,,,,,,
HH_NC_F4_T5,household,5,100,NC,No cooling,F4,-30.0000,-20.0000,Maputo,households_minute.zip > households_minute/households_minute_NC.parquet,123235.3255,1232.3533,37580.5968,14067.9595,0.3743,RAMP stochastic simulation,households_hourly.csv,,,,,,
HH_NC_F5_T1,household,1,100,NC,No cooling,F5,,-30.0000,Cape Town,households_minute.zip > households_minute/households_minute_NC.parquet,3982.3554,39.8236,2674.8800,454.6068,0.1700,RAMP stochastic simulation,households_hourly.csv,,,,,,
HH_NC_F5_T2,household,2,100,NC,No cooling,F5,,-30.0000,Cape Town,households_minute.zip > households_minute/households_minute_NC.parquet,5120.3615,51.2036,3552.7032,584.5161,0.1645,RAMP stochastic simulation,households_hourly.csv,,,,,,
HH_NC_F5_T3,household,3,100,NC,No cooling,F5,,-30.0000,Cape Town,households_minute.zip > households_minute/households_minute_NC.parquet,8826.0982,88.2610,5800.9526,1007.5455,0.1737,RAMP stochastic simulation,households_hourly.csv,,,,,,
HH_NC_F5_T4,household,4,100,NC,No cooling,F5,,-30.0000,Cape Town,households_minute.zip > households_minute/households_minute_NC.parquet,75391.9206,753.9192,13117.8593,8606.3836,0.6561,RAMP stochastic simulation,households_hourly.csv,,,,,,
HH_NC_F5_T5,household,5,100,NC,No cooling,F5,,-30.0000,Cape Town,households_minute.zip > households_minute/households_minute_NC.parquet,122912.6871,1229.1269,38218.8285,14031.1287,0.3671,RAMP stochastic simulation,households_hourly.csv,,,,,,
HH_AY_F1_T1,household,1,100,AY,Cooling all year,F1,10.0000,20.0000,Dakar,households_minute.zip > households_minute/households_minute_AY.parquet,3957.3711,39.5737,2649.1006,451.7547,0.1705,RAMP stochastic simulation,households_hourly.csv,,,,,,
HH_AY_F1_T2,household,2,100,AY,Cooling all year,F1,10.0000,20.0000,Dakar,households_minute.zip > households_minute/households_minute_AY.parquet,5121.4575,51.2146,3409.9857,584.6413,0.1714,RAMP stochastic simulation,households_hourly.csv,,,,,,
HH_AY_F1_T3,household,3,100,AY,Cooling all year,F1,10.0000,20.0000,Dakar,households_minute.zip > households_minute/households_minute_AY.parquet,12960.3004,129.6030,5882.8486,1479.4863,0.2515,RAMP stochastic simulation,households_hourly.csv,,,,,,
HH_AY_F1_T4,household,4,100,AY,Cooling all year,F1,10.0000,20.0000,Dakar,households_minute.zip > households_minute/households_minute_AY.parquet,83968.0221,839.6802,15834.3114,9585.3907,0.6054,RAMP stochastic simulation,households_hourly.csv,,,,,,
HH_AY_F1_T5,household,5,100,AY,Cooling all year,F1,10.0000,20.0000,Dakar,households_minute.zip > households_minute/households_minute_AY.parquet,148005.2169,1480.0522,44658.4139,16895.5727,0.3783,RAMP stochastic simulation,households_hourly.csv,,,,,,
HH_AY_F2_T1,household,1,100,AY,Cooling all year,F2,-10.0000,10.0000,Nairobi,households_minute.zip > households_minute/households_minute_AY.parquet,3940.0889,39.4009,2567.3549,449.7818,0.1752,RAMP stochastic simulation,households_hourly.csv,,,,,,
HH_AY_F2_T2,household,2,100,AY,Cooling all year,F2,-10.0000,10.0000,Nairobi,households_minute.zip > households_minute/households_minute_AY.parquet,5001.0955,50.0110,3273.4555,570.9013,0.1744,RAMP stochastic simulation,households_hourly.csv,,,,,,
HH_AY_F2_T3,household,3,100,AY,Cooling all year,F2,-10.0000,10.0000,Nairobi,households_minute.zip > households_minute/households_minute_AY.parquet,13002.9852,130.0299,6254.5068,1484.3590,0.2373,RAMP stochastic simulation,households_hourly.csv,,,,,,
HH_AY_F2_T4,household,4,100,AY,Cooling all year,F2,-10.0000,10.0000,Nairobi,households_minute.zip > households_minute/households_minute_AY.parquet,84237.3050,842.3730,16762.1234,9616.1307,0.5737,RAMP stochastic simulation,households_hourly.csv,,,,,,
HH_AY_F2_T5,household,5,100,AY,Cooling all year,F2,-10.0000,10.0000,Nairobi,households_minute.zip > households_minute/households_minute_AY.parquet,147472.4180,1474.7242,45789.6980,16834.7509,0.3677,RAMP stochastic simulation,households_hourly.csv,,,,,,
HH_AY_F3_T1,household,1,100,AY,Cooling all year,F3,-20.0000,-10.0000,Lusaka,households_minute.zip > households_minute/households_minute_AY.parquet,3944.2738,39.4427,2619.7645,450.2596,0.1719,RAMP stochastic simulation,households_hourly.csv,,,,,,
HH_AY_F3_T2,household,2,100,AY,Cooling all year,F3,-20.0000,-10.0000,Lusaka,households_minute.zip > households_minute/households_minute_AY.parquet,5075.0037,50.7500,3560.6764,579.3383,0.1627,RAMP stochastic simulation,households_hourly.csv,,,,,,
HH_AY_F3_T3,household,3,100,AY,Cooling all year,F3,-20.0000,-10.0000,Lusaka,households_minute.zip > households_minute/households_minute_AY.parquet,13020.9309,130.2093,5838.9941,1486.4076,0.2546,RAMP stochastic simulation,households_hourly.csv,,,,,,
HH_AY_F3_T4,household,4,100,AY,Cooling all year,F3,-20.0000,-10.0000,Lusaka,households_minute.zip > households_minute/households_minute_AY.parquet,83875.2113,838.7521,15362.9273,9574.7958,0.6232,RAMP stochastic simulation,households_hourly.csv,,,,,,
HH_AY_F3_T5,household,5,100,AY,Cooling all year,F3,-20.0000,-10.0000,Lusaka,households_minute.zip > households_minute/households_minute_AY.parquet,147767.8218,1477.6782,43904.8670,16868.4728,0.3842,RAMP stochastic simulation,households_hourly.csv,,,,,,
HH_AY_F4_T1,household,1,100,AY,Cooling all year,F4,-30.0000,-20.0000,Maputo,households_minute.zip > households_minute/households_minute_AY.parquet,3973.8703,39.7387,2725.4298,453.6382,0.1664,RAMP stochastic simulation,households_hourly.csv,,,,,,
HH_AY_F4_T2,household,2,100,AY,Cooling all year,F4,-30.0000,-20.0000,Maputo,households_minute.zip > households_minute/households_minute_AY.parquet,5128.2941,51.2829,3462.5216,585.4217,0.1691,RAMP stochastic simulation,households_hourly.csv,,,,,,
HH_AY_F4_T3,household,3,100,AY,Cooling all year,F4,-30.0000,-20.0000,Maputo,households_minute.zip > households_minute/households_minute_AY.parquet,12880.4672,128.8047,6057.8717,1470.3730,0.2427,RAMP stochastic simulation,households_hourly.csv,,,,,,
HH_AY_F4_T4,household,4,100,AY,Cooling all year,F4,-30.0000,-20.0000,Maputo,households_minute.zip > households_minute/households_minute_AY.parquet,83590.3714,835.9037,16248.3768,9542.2798,0.5873,RAMP stochastic simulation,households_hourly.csv,,,,,,
HH_AY_F4_T5,household,5,100,AY,Cooling all year,F4,-30.0000,-20.0000,Maputo,households_minute.zip > households_minute/households_minute_AY.parquet,148098.2885,1480.9829,46066.3690,16906.1973,0.3670,RAMP stochastic simulation,households_hourly.csv,,,,,,
HH_AY_F5_T1,household,1,100,AY,Cooling all year,F5,,-30.0000,Cape Town,households_minute.zip > households_minute/households_minute_AY.parquet,3891.5548,38.9155,2848.2729,444.2414,0.1560,RAMP stochastic simulation,households_hourly.csv,,,,,,
HH_AY_F5_T2,household,2,100,AY,Cooling all year,F5,,-30.0000,Cape Town,households_minute.zip > households_minute/households_minute_AY.parquet,4994.5846,49.9458,3469.5001,570.1581,0.1643,RAMP stochastic simulation,households_hourly.csv,,,,,,
HH_AY_F5_T3,household,3,100,AY,Cooling all year,F5,,-30.0000,Cape Town,households_minute.zip > households_minute/households_minute_AY.parquet,13051.6198,130.5162,5958.7171,1489.9109,0.2500,RAMP stochastic simulation,households_hourly.csv,,,,,,
HH_AY_F5_T4,household,4,100,AY,Cooling all year,F5,,-30.0000,Cape Town,households_minute.zip > households_minute/households_minute_AY.parquet,84009.4179,840.0942,17040.7013,9590.1162,0.5628,RAMP stochastic simulation,households_hourly.csv,,,,,,
HH_AY_F5_T5,household,5,100,AY,Cooling all year,F5,,-30.0000,Cape Town,households_minute.zip > households_minute/households_minute_AY.parquet,147869.8312,1478.6983,44613.6618,16880.1177,0.3784,RAMP stochastic simulation,households_hourly.csv,,,,,,
HH_OM_F1_T1,household,1,100,OM,Cooling October-March,F1,10.0000,20.0000,Dakar,households_minute.zip > households_minute/households_minute_OM.parquet,3968.2102,39.6821,2594.9173,452.9920,0.1746,RAMP stochastic simulation,households_hourly.csv,,,,,,
HH_OM_F1_T2,household,2,100,OM,Cooling October-March,F1,10.0000,20.0000,Dakar,households_minute.zip > households_minute/households_minute_OM.parquet,5056.3057,50.5631,3430.7733,577.2038,0.1682,RAMP stochastic simulation,households_hourly.csv,,,,,,
HH_OM_F1_T3,household,3,100,OM,Cooling October-March,F1,10.0000,20.0000,Dakar,households_minute.zip > households_minute/households_minute_OM.parquet,10980.5240,109.8052,6454.5084,1253.4845,0.1942,RAMP stochastic simulation,households_hourly.csv,,,,,,
HH_OM_F1_T4,household,4,100,OM,Cooling October-March,F1,10.0000,20.0000,Dakar,households_minute.zip > households_minute/households_minute_OM.parquet,79703.0797,797.0308,16909.1314,9098.5251,0.5381,RAMP stochastic simulation,households_hourly.csv,,,,,,
HH_OM_F1_T5,household,5,100,OM,Cooling October-March,F1,10.0000,20.0000,Dakar,households_minute.zip > households_minute/households_minute_OM.parquet,135559.7697,1355.5977,44813.7670,15474.8596,0.3453,RAMP stochastic simulation,households_hourly.csv,,,,,,
HH_OM_F2_T1,household,1,100,OM,Cooling October-March,F2,-10.0000,10.0000,Nairobi,households_minute.zip > households_minute/households_minute_OM.parquet,3970.0782,39.7008,2567.3674,453.2053,0.1765,RAMP stochastic simulation,households_hourly.csv,,,,,,
HH_OM_F2_T2,household,2,100,OM,Cooling October-March,F2,-10.0000,10.0000,Nairobi,households_minute.zip > households_minute/households_minute_OM.parquet,5116.8358,51.1684,3359.5092,584.1137,0.1739,RAMP stochastic simulation,households_hourly.csv,,,,,,
HH_OM_F2_T3,household,3,100,OM,Cooling October-March,F2,-10.0000,10.0000,Nairobi,households_minute.zip > households_minute/households_minute_OM.parquet,10793.7674,107.9377,6993.8786,1232.1652,0.1762,RAMP stochastic simulation,households_hourly.csv,,,,,,
HH_OM_F2_T4,household,4,100,OM,Cooling October-March,F2,-10.0000,10.0000,Nairobi,households_minute.zip > households_minute/households_minute_OM.parquet,79569.3239,795.6932,16662.5108,9083.2561,0.5451,RAMP stochastic simulation,households_hourly.csv,,,,,,
HH_OM_F2_T5,household,5,100,OM,Cooling October-March,F2,-10.0000,10.0000,Nairobi,households_minute.zip > households_minute/households_minute_OM.parquet,135127.6839,1351.2768,49898.9185,15425.5347,0.3091,RAMP stochastic simulation,households_hourly.csv,,,,,,
HH_OM_F3_T1,household,1,100,OM,Cooling October-March,F3,-20.0000,-10.0000,Lusaka,households_minute.zip > households_minute/households_minute_OM.parquet,3886.4539,38.8645,2720.1950,443.6591,0.1631,RAMP stochastic simulation,households_hourly.csv,,,,,,
HH_OM_F3_T2,household,2,100,OM,Cooling October-March,F3,-20.0000,-10.0000,Lusaka,households_minute.zip > households_minute/households_minute_OM.parquet,5076.0572,50.7606,3615.2509,579.4586,0.1603,RAMP stochastic simulation,households_hourly.csv,,,,,,
HH_OM_F3_T3,household,3,100,OM,Cooling October-March,F3,-20.0000,-10.0000,Lusaka,households_minute.zip > households_minute/households_minute_OM.parquet,10778.7281,107.7873,6192.6378,1230.4484,0.1987,RAMP stochastic simulation,households_hourly.csv,,,,,,
HH_OM_F3_T4,household,4,100,OM,Cooling October-March,F3,-20.0000,-10.0000,Lusaka,households_minute.zip > households_minute/households_minute_OM.parquet,79778.9839,797.7898,16899.7480,9107.1899,0.5389,RAMP stochastic simulation,households_hourly.csv,,,,,,
HH_OM_F3_T5,household,5,100,OM,Cooling October-March,F3,-20.0000,-10.0000,Lusaka,households_minute.zip > households_minute/households_minute_OM.parquet,135742.7032,1357.4270,46610.7896,15495.7424,0.3324,RAMP stochastic simulation,households_hourly.csv,,,,,,
HH_OM_F4_T1,household,1,100,OM,Cooling October-March,F4,-30.0000,-20.0000,Maputo,households_minute.zip > households_minute/households_minute_OM.parquet,3892.6993,38.9270,2679.1763,444.3721,0.1659,RAMP stochastic simulation,households_hourly.csv,,,,,,
HH_OM_F4_T2,household,2,100,OM,Cooling October-March,F4,-30.0000,-20.0000,Maputo,households_minute.zip > households_minute/households_minute_OM.parquet,4901.7943,49.0179,3367.5052,559.5656,0.1662,RAMP stochastic simulation,households_hourly.csv,,,,,,
HH_OM_F4_T3,household,3,100,OM,Cooling October-March,F4,-30.0000,-20.0000,Maputo,households_minute.zip > households_minute/households_minute_OM.parquet,10964.5253,109.6453,6138.6766,1251.6581,0.2039,RAMP stochastic simulation,households_hourly.csv,,,,,,
HH_OM_F4_T4,household,4,100,OM,Cooling October-March,F4,-30.0000,-20.0000,Maputo,households_minute.zip > households_minute/households_minute_OM.parquet,79511.8766,795.1188,16466.6331,9076.6982,0.5512,RAMP stochastic simulation,households_hourly.csv,,,,,,
HH_OM_F4_T5,household,5,100,OM,Cooling October-March,F4,-30.0000,-20.0000,Maputo,households_minute.zip > households_minute/households_minute_OM.parquet,135003.8139,1350.0381,47268.3999,15411.3943,0.3260,RAMP stochastic simulation,households_hourly.csv,,,,,,
HH_OM_F5_T1,household,1,100,OM,Cooling October-March,F5,,-30.0000,Cape Town,households_minute.zip > households_minute/households_minute_OM.parquet,3981.8782,39.8188,2829.1245,454.5523,0.1607,RAMP stochastic simulation,households_hourly.csv,,,,,,
HH_OM_F5_T2,household,2,100,OM,Cooling October-March,F5,,-30.0000,Cape Town,households_minute.zip > households_minute/households_minute_OM.parquet,5098.6592,50.9866,3580.4860,582.0387,0.1626,RAMP stochastic simulation,households_hourly.csv,,,,,,
HH_OM_F5_T3,household,3,100,OM,Cooling October-March,F5,,-30.0000,Cape Town,households_minute.zip > households_minute/households_minute_OM.parquet,10829.8250,108.2982,6007.3394,1236.2814,0.2058,RAMP stochastic simulation,households_hourly.csv,,,,,,
HH_OM_F5_T4,household,4,100,OM,Cooling October-March,F5,,-30.0000,Cape Town,households_minute.zip > households_minute/households_minute_OM.parquet,79677.2337,796.7723,16548.1703,9095.5746,0.5496,RAMP stochastic simulation,households_hourly.csv,,,,,,
HH_OM_F5_T5,household,5,100,OM,Cooling October-March,F5,,-30.0000,Cape Town,households_minute.zip > households_minute/households_minute_OM.parquet,134982.6017,1349.8260,46621.8597,15408.9728,0.3305,RAMP stochastic simulation,households_hourly.csv,,,,,,
HH_AS_F1_T1,household,1,100,AS,Cooling April-September,F1,10.0000,20.0000,Dakar,households_minute.zip > households_minute/households_minute_AS.parquet,3978.3571,39.7836,2841.0084,454.1504,0.1599,RAMP stochastic simulation,households_hourly.csv,,,,,,
HH_AS_F1_T2,household,2,100,AS,Cooling April-September,F1,10.0000,20.0000,Dakar,households_minute.zip > households_minute/households_minute_AS.parquet,5162.7424,51.6274,3497.6731,589.3542,0.1685,RAMP stochastic simulation,households_hourly.csv,,,,,,
HH_AS_F1_T3,household,3,100,AS,Cooling April-September,F1,10.0000,20.0000,Dakar,households_minute.zip > households_minute/households_minute_AS.parquet,10985.2939,109.8529,6200.3406,1254.0290,0.2023,RAMP stochastic simulation,households_hourly.csv,,,,,,
HH_AS_F1_T4,household,4,100,AS,Cooling April-September,F1,10.0000,20.0000,Dakar,households_minute.zip > households_minute/households_minute_AS.parquet,79852.2262,798.5223,16581.3568,9115.5509,0.5497,RAMP stochastic simulation,households_hourly.csv,,,,,,
HH_AS_F1_T5,household,5,100,AS,Cooling April-September,F1,10.0000,20.0000,Dakar,households_minute.zip > households_minute/households_minute_AS.parquet,135771.8940,1357.7189,44521.9194,15499.0747,0.3481,RAMP stochastic simulation,households_hourly.csv,,,,,,
HH_AS_F2_T1,household,1,100,AS,Cooling April-September,F2,-10.0000,10.0000,Nairobi,households_minute.zip > households_minute/households_minute_AS.parquet,3955.2529,39.5525,2597.6847,451.5129,0.1738,RAMP stochastic simulation,households_hourly.csv,,,,,,
HH_AS_F2_T2,household,2,100,AS,Cooling April-September,F2,-10.0000,10.0000,Nairobi,households_minute.zip > households_minute/households_minute_AS.parquet,5197.5276,51.9753,3346.3879,593.3251,0.1773,RAMP stochastic simulation,households_hourly.csv,,,,,,
HH_AS_F2_T3,household,3,100,AS,Cooling April-September,F2,-10.0000,10.0000,Nairobi,households_minute.zip > households_minute/households_minute_AS.parquet,10835.9506,108.3595,6693.0038,1236.9807,0.1848,RAMP stochastic simulation,households_hourly.csv,,,,,,
HH_AS_F2_T4,household,4,100,AS,Cooling April-September,F2,-10.0000,10.0000,Nairobi,households_minute.zip > households_minute/households_minute_AS.parquet,79585.8900,795.8589,16448.9160,9085.1473,0.5523,RAMP stochastic simulation,households_hourly.csv,,,,,,
HH_AS_F2_T5,household,5,100,AS,Cooling April-September,F2,-10.0000,10.0000,Nairobi,households_minute.zip > households_minute/households_minute_AS.parquet,135573.1316,1355.7313,46433.0821,15476.3849,0.3333,RAMP stochastic simulation,households_hourly.csv,,,,,,
HH_AS_F3_T1,household,1,100,AS,Cooling April-September,F3,-20.0000,-10.0000,Lusaka,households_minute.zip > households_minute/households_minute_AS.parquet,3907.3478,39.0735,2588.2857,446.0443,0.1723,RAMP stochastic simulation,households_hourly.csv,,,,,,
HH_AS_F3_T2,household,2,100,AS,Cooling April-September,F3,-20.0000,-10.0000,Lusaka,households_minute.zip > households_minute/households_minute_AS.parquet,4988.2102,49.8821,3609.9362,569.4304,0.1577,RAMP stochastic simulation,households_hourly.csv,,,,,,
HH_AS_F3_T3,household,3,100,AS,Cooling April-September,F3,-20.0000,-10.0000,Lusaka,households_minute.zip > households_minute/households_minute_AS.parquet,10899.1729,108.9917,6578.1956,1244.1978,0.1891,RAMP stochastic simulation,households_hourly.csv,,,,,,
HH_AS_F3_T4,household,4,100,AS,Cooling April-September,F3,-20.0000,-10.0000,Lusaka,households_minute.zip > households_minute/households_minute_AS.parquet,79514.8720,795.1487,16945.7518,9077.0402,0.5357,RAMP stochastic simulation,households_hourly.csv,,,,,,
HH_AS_F3_T5,household,5,100,AS,Cooling April-September,F3,-20.0000,-10.0000,Lusaka,households_minute.zip > households_minute/households_minute_AS.parquet,134982.2463,1349.8225,44393.8536,15408.9322,0.3471,RAMP stochastic simulation,households_hourly.csv,,,,,,
HH_AS_F4_T1,household,1,100,AS,Cooling April-September,F4,-30.0000,-20.0000,Maputo,households_minute.zip > households_minute/households_minute_AS.parquet,3943.8603,39.4386,2674.6643,450.2124,0.1683,RAMP stochastic simulation,households_hourly.csv,,,,,,
HH_AS_F4_T2,household,2,100,AS,Cooling April-September,F4,-30.0000,-20.0000,Maputo,households_minute.zip > households_minute/households_minute_AS.parquet,5022.7956,50.2280,3588.6010,573.3785,0.1598,RAMP stochastic simulation,households_hourly.csv,,,,,,
HH_AS_F4_T3,household,3,100,AS,Cooling April-September,F4,-30.0000,-20.0000,Maputo,households_minute.zip > households_minute/households_minute_AS.parquet,10828.3482,108.2835,7087.3403,1236.1128,0.1744,RAMP stochastic simulation,households_hourly.csv,,,,,,
HH_AS_F4_T4,household,4,100,AS,Cooling April-September,F4,-30.0000,-20.0000,Maputo,households_minute.zip > households_minute/households_minute_AS.parquet,79427.7273,794.2773,16467.1614,9067.0922,0.5506,RAMP stochastic simulation,households_hourly.csv,,,,,,
HH_AS_F4_T5,household,5,100,AS,Cooling April-September,F4,-30.0000,-20.0000,Maputo,households_minute.zip > households_minute/households_minute_AS.parquet,135512.9364,1355.1294,47087.9763,15469.5133,0.3285,RAMP stochastic simulation,households_hourly.csv,,,,,,
HH_AS_F5_T1,household,1,100,AS,Cooling April-September,F5,,-30.0000,Cape Town,households_minute.zip > households_minute/households_minute_AS.parquet,3801.4015,38.0140,2799.3473,433.9499,0.1550,RAMP stochastic simulation,households_hourly.csv,,,,,,
HH_AS_F5_T2,household,2,100,AS,Cooling April-September,F5,,-30.0000,Cape Town,households_minute.zip > households_minute/households_minute_AS.parquet,5044.8047,50.4480,3749.3921,575.8909,0.1536,RAMP stochastic simulation,households_hourly.csv,,,,,,
HH_AS_F5_T3,household,3,100,AS,Cooling April-September,F5,,-30.0000,Cape Town,households_minute.zip > households_minute/households_minute_AS.parquet,10935.0628,109.3506,6422.5958,1248.2948,0.1944,RAMP stochastic simulation,households_hourly.csv,,,,,,
HH_AS_F5_T4,household,4,100,AS,Cooling April-September,F5,,-30.0000,Cape Town,households_minute.zip > households_minute/households_minute_AS.parquet,79494.6187,794.9462,16532.9379,9074.7282,0.5489,RAMP stochastic simulation,households_hourly.csv,,,,,,
HH_AS_F5_T5,household,5,100,AS,Cooling April-September,F5,,-30.0000,Cape Town,households_minute.zip > households_minute/households_minute_AS.parquet,135191.2940,1351.9129,44847.7485,15432.7961,0.3441,RAMP stochastic simulation,households_hourly.csv,,,,,,
HF_T1,health_facility,1,1,,,,,,,,2771.5498,2771.5498,2028.2621,316.3870,0.1560,RAMP stochastic simulation,health_facilities_hourly.csv,First point of care / basic primary health-care facility,0 (<=2 observation),Level 2 (dispensary),HC II,Primary health post,in scope
HF_T2,health_facility,2,1,,,,,,,,14317.5937,14317.5937,8044.1718,1634.4285,0.2032,RAMP stochastic simulation,health_facilities_hourly.csv,Primary health-care facility with inpatient/maternity services,~5-25,Level 3 (health centre),HC III,"(no equivalent: health posts and health centres are merged in ""primary health post"")",in scope
HF_T3,health_facility,3,1,,,,,,,,159844.9558,159844.9558,58082.1419,18247.1411,0.3142,RAMP stochastic simulation,health_facilities_hourly.csv,First-referral unit,~25-45,Level 4 (small primary / sub-county hospital),HC IV,First hospital (30-60 beds),in scope
HF_T4,health_facility,4,1,,,,,,,,239767.4337,239767.4337,87123.2129,27370.7116,0.3142,1.5 x HF_T3,health_facilities_hourly.csv,First-referral unit,~45-65,Level 4 (large),Large HC IV / small General Hospital,"First hospital (30-60 beds, upper end) / Secondary hospital (60-120 beds, lower end)",in scope
HF_T5,health_facility,5,1,,,,,,,,319689.9116,319689.9116,116164.2838,36494.2821,0.3142,2.0 x HF_T3,health_facilities_hourly.csv,First-referral / secondary hospital,~65-100,Large Level 4 / small Level 5,General (district) Hospital,Secondary hospital (60-120 beds),in scope; lower bound above ~100 beds
SCH_T1,school,1,1,,,,,,,,7046.4101,7046.4101,6084.0785,804.3847,0.1322,RAMP stochastic simulation,school_hourly.csv,,,,,,
